class,cap-diameter,cap-shape,cap-surface,cap-color,does-bruise-or-bleed,gill-attachment,gill-spacing,gill-color,stem-height,stem-width,stem-root,stem-surface,stem-color,veil-type,veil-color,has-ring,ring-type,spore-print-color,habitat,season
p,15.26,x,g,o,f,e,,w,16.95,17.09,s,y,w,u,w,t,g,,d,w
p,16.6,x,g,o,f,e,,w,17.99,18.19,s,y,w,u,w,t,g,,d,u
p,14.07,x,g,o,f,e,,w,17.8,17.74,s,y,w,u,w,t,g,,d,w
p,14.17,f,h,e,f,e,,w,15.77,15.98,s,y,w,u,w,t,p,,d,w
p,14.64,x,h,o,f,e,,w,16.53,17.2,s,y,w,u,w,t,p,,d,w
p,15.34,x,g,o,f,e,,w,17.84,18.79,s,y,w,u,w,t,p,,d,u
p,14.85,f,h,o,f,e,,w,17.71,16.89,s,y,w,u,w,t,g,,d,w
p,14.86,x,h,e,f,e,,w,17.03,17.44,s,y,w,u,w,t,p,,d,u
p,12.85,f,g,o,f,e,,w,17.27,18.69,s,y,w,u,w,t,p,,d,a
p,13.55,f,g,e,f,e,,w,16.04,16.88,s,y,w,u,w,t,p,,d,w
p,14.17,f,h,e,f,e,,w,17.86,18.02,s,y,w,u,w,t,p,,d,a
p,13.4,x,h,o,f,e,,w,17.95,17.14,s,y,w,u,w,t,p,,d,u
p,17.37,x,h,o,f,e,,w,18.1,18.27,s,y,w,u,w,t,g,,d,u
p,16.56,x,h,o,f,e,,w,18.89,18.11,s,y,w,u,w,t,p,,d,u
p,15.37,x,h,e,f,e,,w,18.19,18.38,s,y,w,u,w,t,g,,d,a
p,15.54,f,h,e,f,e,,w,18.26,17.87,s,y,w,u,w,t,p,,d,a
p,15.19,x,g,e,f,e,,w,17.42,17.67,s,y,w,u,w,t,p,,d,a
p,17.4,x,h,o,f,e,,w,18.48,18.54,s,y,w,u,w,t,p,,d,a
p,16.16,x,g,o,f,e,,w,19.46,18.9,s,y,w,u,w,t,p,,d,w
p,16.93,x,h,e,f,e,,w,18.31,17.81,s,y,w,u,w,t,p,,d,u
p,13.0,f,g,e,f,e,,w,17.3,17.19,s,y,w,u,w,t,g,,d,w
p,13.06,x,g,e,f,e,,w,16.9,17.38,s,y,w,u,w,t,g,,d,u
p,17.23,x,h,o,f,e,,w,17.63,17.92,s,y,w,u,w,t,g,,d,w
p,14.39,x,g,e,f,e,,w,16.98,17.48,s,y,w,u,w,t,p,,d,w
p,15.56,f,g,o,f,e,,w,17.28,16.99,s,y,w,u,w,t,p,,d,u
p,13.2,x,g,o,f,e,,w,16.91,16.9,s,y,w,u,w,t,p,,d,w
p,13.9,f,h,e,f,e,,w,17.81,17.77,s,y,w,u,w,t,g,,d,u
p,16.38,f,g,o,f,e,,w,18.36,17.99,s,y,w,u,w,t,p,,d,u
p,13.3,x,h,e,f,e,,w,17.6,17.52,s,y,w,u,w,t,p,,d,a
p,15.95,f,g,o,f,e,,w,16.42,16.65,s,y,w,u,w,t,g,,d,w
p,16.58,x,g,o,f,e,,w,18.26,18.12,s,y,w,u,w,t,g,,d,a
p,14.1,f,g,o,f,e,,w,16.94,16.76,s,y,w,u,w,t,p,,d,u
p,13.81,f,h,o,f,e,,w,17.22,17.11,s,y,w,u,w,t,g,,d,a
p,14.67,f,h,o,f,e,,w,17.2,16.77,s,y,w,u,w,t,p,,d,a
p,14.23,f,h,e,f,e,,w,17.22,17.23,s,y,w,u,w,t,p,,d,u
p,14.78,f,g,e,f,e,,w,17.44,17.13,s,y,w,u,w,t,p,,d,u
p,15.08,x,g,e,f,e,,w,17.09,17.8,s,y,w,u,w,t,g,,d,w
p,16.0,x,g,e,f,e,,w,16.96,17.22,s,y,w,u,w,t,g,,d,u
p,14.76,f,g,o,f,e,,w,18.14,17.54,s,y,w,u,w,t,p,,d,a
p,14.89,x,g,e,f,e,,w,17.78,18.07,s,y,w,u,w,t,g,,d,w
p,13.05,f,g,e,f,e,,w,17.32,17.17,s,y,w,u,w,t,p,,d,w
p,13.03,f,h,e,f,e,,w,17.05,17.07,s,y,w,u,w,t,p,,d,w
p,14.07,f,g,o,f,e,,w,16.98,17.76,s,y,w,u,w,t,p,,d,w
p,15.09,f,g,o,f,e,,w,17.45,18.15,s,y,w,u,w,t,g,,d,a
p,12.22,f,h,o,f,e,,w,18.19,17.62,s,y,w,u,w,t,g,,d,w
p,15.12,x,g,e,f,e,,w,17.03,17.2,s,y,w,u,w,t,g,,d,a
p,18.04,f,g,e,f,e,,w,18.86,19.79,s,y,w,u,w,t,g,,d,w
p,12.27,f,g,o,f,e,,w,16.15,17.17,s,y,w,u,w,t,g,,d,w
p,16.03,f,g,o,f,e,,w,19.34,19.37,s,y,w,u,w,t,g,,d,u
p,16.51,x,g,o,f,e,,w,18.38,18.29,s,y,w,u,w,t,g,,d,w
p,14.96,f,h,o,f,e,,w,18.26,18.28,s,y,w,u,w,t,p,,d,w
p,15.9,f,h,e,f,e,,w,17.34,17.54,s,y,w,u,w,t,g,,d,w
p,15.48,x,g,e,f,e,,w,19.22,18.14,s,y,w,u,w,t,p,,d,u
p,15.63,f,h,o,f,e,,w,17.72,16.82,s,y,w,u,w,t,g,,d,a
p,14.8,x,g,o,f,e,,w,17.94,17.42,s,y,w,u,w,t,g,,d,w
p,16.0,x,h,o,f,e,,w,17.67,17.96,s,y,w,u,w,t,g,,d,w
p,15.07,f,h,o,f,e,,w,16.97,17.51,s,y,w,u,w,t,g,,d,u
p,13.12,x,h,e,f,e,,w,17.96,17.89,s,y,w,u,w,t,p,,d,a
p,13.82,f,h,o,f,e,,w,16.86,17.14,s,y,w,u,w,t,p,,d,u
p,17.23,x,h,e,f,e,,w,18.51,18.59,s,y,w,u,w,t,g,,d,u
p,12.57,x,g,o,f,e,,w,16.62,15.7,s,y,w,u,w,t,p,,d,a
p,14.85,x,h,o,f,e,,w,17.36,16.46,s,y,w,u,w,t,g,,d,a
p,12.55,x,g,e,f,e,,w,16.97,17.39,s,y,w,u,w,t,g,,d,u
p,13.53,x,g,e,f,e,,w,16.65,16.91,s,y,w,u,w,t,g,,d,a
p,16.84,x,h,e,f,e,,w,17.3,17.27,s,y,w,u,w,t,p,,d,w
p,15.73,x,h,o,f,e,,w,17.58,17.59,s,y,w,u,w,t,p,,d,u
p,11.46,x,h,o,f,e,,w,17.56,18.39,s,y,w,u,w,t,g,,d,w
p,15.06,f,g,o,f,e,,w,15.77,16.1,s,y,w,u,w,t,p,,d,w
p,16.15,x,h,e,f,e,,w,18.25,17.67,s,y,w,u,w,t,p,,d,a
p,13.78,f,h,o,f,e,,w,17.18,17.6,s,y,w,u,w,t,g,,d,w
p,16.77,f,h,e,f,e,,w,18.81,19.23,s,y,w,u,w,t,g,,d,u
p,17.32,f,g,o,f,e,,w,17.67,17.83,s,y,w,u,w,t,g,,d,u
p,18.65,x,h,e,f,e,,w,18.6,19.03,s,y,w,u,w,t,p,,d,u
p,14.11,f,h,e,f,e,,w,16.87,16.23,s,y,w,u,w,t,g,,d,u
p,16.25,f,g,o,f,e,,w,17.32,17.6,s,y,w,u,w,t,p,,d,u
p,13.59,x,g,o,f,e,,w,18.58,18.87,s,y,w,u,w,t,p,,d,w
p,17.3,f,g,o,f,e,,w,17.39,18.35,s,y,w,u,w,t,g,,d,u
p,12.13,f,g,e,f,e,,w,16.66,16.62,s,y,w,u,w,t,p,,d,a
p,12.29,x,h,e,f,e,,w,16.45,15.65,s,y,w,u,w,t,p,,d,a
p,14.74,x,h,o,f,e,,w,16.8,17.46,s,y,w,u,w,t,p,,d,w
p,15.13,f,h,e,f,e,,w,17.81,17.24,s,y,w,u,w,t,p,,d,u
p,13.66,f,g,o,f,e,,w,16.21,16.65,s,y,w,u,w,t,g,,d,u
p,13.3,x,g,e,f,e,,w,17.75,17.19,s,y,w,u,w,t,p,,d,w
p,14.16,f,g,o,f,e,,w,15.26,16.19,s,y,w,u,w,t,g,,d,w
p,16.66,x,h,o,f,e,,w,18.73,18.47,s,y,w,u,w,t,p,,d,a
p,15.55,f,g,e,f,e,,w,17.03,17.84,s,y,w,u,w,t,p,,d,a
p,14.28,f,g,e,f,e,,w,17.55,17.58,s,y,w,u,w,t,p,,d,a
p,16.92,x,g,e,f,e,,w,18.3,18.81,s,y,w,u,w,t,g,,d,w
p,15.55,x,h,e,f,e,,w,16.75,16.97,s,y,w,u,w,t,p,,d,w
p,15.08,x,h,o,f,e,,w,17.51,16.82,s,y,w,u,w,t,p,,d,u
p,12.02,f,g,o,f,e,,w,16.16,16.61,s,y,w,u,w,t,p,,d,a
p,13.69,f,g,e,f,e,,w,16.58,15.84,s,y,w,u,w,t,p,,d,u
p,15.36,f,g,o,f,e,,w,17.53,15.97,s,y,w,u,w,t,p,,d,a
p,15.22,f,g,o,f,e,,w,16.87,17.46,s,y,w,u,w,t,p,,d,u
p,15.49,f,h,e,f,e,,w,17.45,16.64,s,y,w,u,w,t,p,,d,a
p,12.16,x,h,e,f,e,,w,17.46,17.51,s,y,w,u,w,t,g,,d,u
p,16.04,f,h,o,f,e,,w,17.39,17.19,s,y,w,u,w,t,p,,d,u
p,16.31,f,h,e,f,e,,w,17.15,17.05,s,y,w,u,w,t,g,,d,u
p,15.35,f,g,o,f,e,,w,17.89,18.21,s,y,w,u,w,t,g,,d,u
p,11.17,x,h,o,f,e,,w,16.44,16.12,s,y,w,u,w,t,g,,d,a
p,13.74,x,g,e,f,e,,w,16.7,15.79,s,y,w,u,w,t,g,,d,u
p,14.62,f,h,e,f,e,,w,16.07,17.02,s,y,w,u,w,t,p,,d,a
p,13.14,f,h,o,f,e,,w,16.99,18.05,s,y,w,u,w,t,p,,d,w
p,15.53,x,g,o,f,e,,w,18.06,17.37,s,y,w,u,w,t,p,,d,w
p,17.08,x,h,o,f,e,,w,17.79,18.79,s,y,w,u,w,t,g,,d,a
p,17.09,x,g,o,f,e,,w,19.19,18.89,s,y,w,u,w,t,p,,d,u
p,15.31,x,g,o,f,e,,w,16.19,17.04,s,y,w,u,w,t,p,,d,w
p,16.11,f,h,e,f,e,,w,17.91,17.88,s,y,w,u,w,t,p,,d,u
p,14.96,x,g,o,f,e,,w,17.92,17.51,s,y,w,u,w,t,g,,d,a
p,16.12,x,g,e,f,e,,w,17.98,16.93,s,y,w,u,w,t,p,,d,u
p,14.19,f,g,o,f,e,,w,17.83,18.3,s,y,w,u,w,t,p,,d,w
p,15.67,x,g,o,f,e,,w,19.25,19.52,s,y,w,u,w,t,p,,d,w
p,11.35,x,h,e,f,e,,w,16.96,15.39,s,y,w,u,w,t,p,,d,a
p,14.52,x,g,o,f,e,,w,17.04,17.57,s,y,w,u,w,t,p,,d,u
p,14.41,f,h,o,f,e,,w,17.1,16.96,s,y,w,u,w,t,g,,d,a
p,16.3,f,h,e,f,e,,w,18.25,16.66,s,y,w,u,w,t,p,,d,w
p,13.36,x,g,o,f,e,,w,17.26,17.08,s,y,w,u,w,t,p,,d,u
p,14.29,x,h,o,f,e,,w,17.87,18.0,s,y,w,u,w,t,g,,d,u
p,12.29,x,g,o,f,e,,w,16.84,16.26,s,y,w,u,w,t,p,,d,u
p,13.66,f,h,o,f,e,,w,17.73,17.29,s,y,w,u,w,t,g,,d,w
p,14.51,f,h,e,f,e,,w,16.7,15.98,s,y,w,u,w,t,p,,d,u
p,14.55,f,h,e,f,e,,w,16.94,17.9,s,y,w,u,w,t,p,,d,w
p,14.97,f,g,e,f,e,,w,18.45,17.51,s,y,w,u,w,t,g,,d,u
p,13.06,x,h,o,f,e,,w,15.72,16.19,s,y,w,u,w,t,g,,d,w
p,12.85,x,g,o,f,e,,w,17.35,16.64,s,y,w,u,w,t,g,,d,u
p,14.0,f,h,e,f,e,,w,16.57,16.04,s,y,w,u,w,t,p,,d,w
p,13.93,f,h,e,f,e,,w,16.65,16.86,s,y,w,u,w,t,p,,d,w
p,17.91,f,g,o,f,e,,w,17.63,18.15,s,y,w,u,w,t,p,,d,w
p,14.43,f,g,e,f,e,,w,17.41,18.24,s,y,w,u,w,t,g,,d,u
p,13.43,f,g,e,f,e,,w,16.13,16.25,s,y,w,u,w,t,p,,d,w
p,13.04,f,h,o,f,e,,w,17.99,17.49,s,y,w,u,w,t,g,,d,a
p,17.1,x,g,e,f,e,,w,18.96,18.94,s,y,w,u,w,t,g,,d,w
p,15.07,f,h,e,f,e,,w,18.33,18.88,s,y,w,u,w,t,g,,d,w
p,15.03,f,h,e,f,e,,w,18.81,18.36,s,y,w,u,w,t,p,,d,w
p,16.37,f,h,e,f,e,,w,17.96,18.69,s,y,w,u,w,t,p,,d,a
p,11.02,f,g,o,f,e,,w,15.98,16.02,s,y,w,u,w,t,g,,d,u
p,17.61,f,g,e,f,e,,w,18.35,17.91,s,y,w,u,w,t,g,,d,u
p,17.54,f,h,o,f,e,,w,18.2,17.76,s,y,w,u,w,t,g,,d,w
p,16.77,x,h,o,f,e,,w,18.02,19.96,s,y,w,u,w,t,p,,d,a
p,16.21,f,h,o,f,e,,w,17.29,17.29,s,y,w,u,w,t,p,,d,a
p,14.94,x,g,e,f,e,,w,17.5,18.26,s,y,w,u,w,t,g,,d,a
p,14.74,f,h,o,f,e,,w,18.42,18.5,s,y,w,u,w,t,g,,d,w
p,15.97,x,h,o,f,e,,w,16.42,16.89,s,y,w,u,w,t,g,,d,u
p,13.56,x,g,e,f,e,,w,17.3,17.96,s,y,w,u,w,t,g,,d,u
p,15.13,x,h,e,f,e,,w,18.75,18.33,s,y,w,u,w,t,p,,d,u
p,15.42,f,g,o,f,e,,w,18.34,18.24,s,y,w,u,w,t,g,,d,u
p,13.49,x,g,o,f,e,,w,17.6,17.44,s,y,w,u,w,t,g,,d,a
p,15.71,f,h,e,f,e,,w,17.91,18.23,s,y,w,u,w,t,p,,d,a
p,14.96,f,g,e,f,e,,w,17.96,17.37,s,y,w,u,w,t,p,,d,u
p,15.34,f,h,o,f,e,,w,17.74,18.62,s,y,w,u,w,t,p,,d,w
p,12.26,x,g,o,f,e,,w,18.14,17.58,s,y,w,u,w,t,p,,d,a
p,13.46,f,g,o,f,e,,w,16.92,15.3,s,y,w,u,w,t,p,,d,w
p,16.59,f,g,o,f,e,,w,18.93,18.51,s,y,w,u,w,t,p,,d,u
p,14.98,x,g,e,f,e,,w,17.35,17.7,s,y,w,u,w,t,p,,d,a
p,13.7,f,h,e,f,e,,w,17.04,17.74,s,y,w,u,w,t,g,,d,u
p,14.92,x,g,e,f,e,,w,18.07,17.02,s,y,w,u,w,t,g,,d,u
p,12.0,f,g,e,f,e,,w,15.9,16.23,s,y,w,u,w,t,g,,d,u
p,14.75,f,h,e,f,e,,w,16.76,17.24,s,y,w,u,w,t,g,,d,w
p,16.6,f,g,e,f,e,,w,18.46,18.38,s,y,w,u,w,t,p,,d,w
p,11.77,x,g,o,f,e,,w,16.96,15.57,s,y,w,u,w,t,g,,d,u
p,16.37,f,h,o,f,e,,w,18.21,18.8,s,y,w,u,w,t,g,,d,w
p,13.89,f,g,e,f,e,,w,17.83,17.66,s,y,w,u,w,t,g,,d,w
p,11.71,f,h,e,f,e,,w,16.47,16.1,s,y,w,u,w,t,g,,d,a
p,15.5,f,h,o,f,e,,w,17.92,18.09,s,y,w,u,w,t,p,,d,u
p,15.93,x,h,e,f,e,,w,16.86,16.9,s,y,w,u,w,t,p,,d,u
p,17.73,f,h,e,f,e,,w,19.19,18.16,s,y,w,u,w,t,p,,d,a
p,17.23,f,h,e,f,e,,w,17.45,17.79,s,y,w,u,w,t,g,,d,a
p,16.76,f,g,o,f,e,,w,18.81,18.35,s,y,w,u,w,t,g,,d,u
p,14.14,x,g,o,f,e,,w,16.89,17.97,s,y,w,u,w,t,p,,d,w
p,12.86,x,g,o,f,e,,w,16.4,16.98,s,y,w,u,w,t,g,,d,a
p,16.79,f,g,o,f,e,,w,18.81,18.09,s,y,w,u,w,t,g,,d,a
p,14.18,f,h,e,f,e,,w,17.87,18.2,s,y,w,u,w,t,p,,d,a
p,13.56,x,h,e,f,e,,w,17.14,16.74,s,y,w,u,w,t,g,,d,w
p,14.32,x,g,e,f,e,,w,16.45,15.77,s,y,w,u,w,t,g,,d,a
p,13.64,x,h,e,f,e,,w,16.74,16.93,s,y,w,u,w,t,p,,d,w
p,13.49,x,h,o,f,e,,w,16.73,17.51,s,y,w,u,w,t,p,,d,w
p,14.7,x,g,e,f,e,,w,16.84,16.67,s,y,w,u,w,t,p,,d,a
p,13.33,f,h,o,f,e,,w,19.25,18.76,s,y,w,u,w,t,p,,d,w
p,12.87,f,h,e,f,e,,w,16.52,17.5,s,y,w,u,w,t,g,,d,w
p,14.36,x,h,e,f,e,,w,17.87,17.87,s,y,w,u,w,t,p,,d,u
p,14.39,f,g,e,f,e,,w,17.55,17.24,s,y,w,u,w,t,g,,d,w
p,14.17,x,h,e,f,e,,w,17.47,17.07,s,y,w,u,w,t,g,,d,w
p,16.4,f,g,o,f,e,,w,17.92,17.83,s,y,w,u,w,t,g,,d,u
p,12.31,f,g,e,f,e,,w,17.02,16.01,s,y,w,u,w,t,p,,d,w
p,14.77,x,h,e,f,e,,w,16.61,17.06,s,y,w,u,w,t,g,,d,w
p,15.02,f,h,e,f,e,,w,16.89,17.26,s,y,w,u,w,t,p,,d,u
p,13.9,x,h,o,f,e,,w,18.1,17.7,s,y,w,u,w,t,g,,d,u
p,17.13,x,h,e,f,e,,w,16.46,16.83,s,y,w,u,w,t,g,,d,u
p,13.68,f,g,o,f,e,,w,18.22,17.47,s,y,w,u,w,t,g,,d,a
p,15.0,x,g,e,f,e,,w,18.12,17.13,s,y,w,u,w,t,g,,d,w
p,13.5,x,h,e,f,e,,w,15.51,15.17,s,y,w,u,w,t,p,,d,a
p,13.94,x,h,e,f,e,,w,17.65,17.49,s,y,w,u,w,t,p,,d,u
p,14.62,f,g,e,f,e,,w,17.41,17.65,s,y,w,u,w,t,g,,d,u
p,13.76,f,g,o,f,e,,w,17.89,17.87,s,y,w,u,w,t,p,,d,w
p,16.71,x,h,e,f,e,,w,17.87,17.29,s,y,w,u,w,t,g,,d,u
p,15.5,x,g,e,f,e,,w,17.83,18.79,s,y,w,u,w,t,g,,d,u
p,14.77,x,h,e,f,e,,w,16.72,16.51,s,y,w,u,w,t,p,,d,a
p,18.14,x,g,o,f,e,,w,18.49,19.13,s,y,w,u,w,t,p,,d,u
p,15.78,x,h,o,f,e,,w,18.71,18.83,s,y,w,u,w,t,g,,d,w
p,17.25,x,g,o,f,e,,w,17.71,18.05,s,y,w,u,w,t,p,,d,a
p,16.58,f,h,o,f,e,,w,18.74,18.32,s,y,w,u,w,t,g,,d,w
p,13.06,x,g,e,f,e,,w,18.18,19.12,s,y,w,u,w,t,p,,d,u
p,15.48,x,g,o,f,e,,w,16.79,16.48,s,y,w,u,w,t,g,,d,w
p,16.1,f,g,o,f,e,,w,17.66,17.28,s,y,w,u,w,t,g,,d,w
p,15.57,x,g,e,f,e,,w,18.51,18.18,s,y,w,u,w,t,p,,d,w
p,15.02,x,g,o,f,e,,w,16.27,16.81,s,y,w,u,w,t,g,,d,a
p,14.13,x,h,e,f,e,,w,17.28,16.55,s,y,w,u,w,t,g,,d,a
p,16.03,f,g,o,f,e,,w,18.22,18.37,s,y,w,u,w,t,p,,d,w
p,13.82,x,h,o,f,e,,w,15.69,15.73,s,y,w,u,w,t,p,,d,a
p,15.89,x,g,o,f,e,,w,17.82,18.03,s,y,w,u,w,t,g,,d,u
p,15.0,f,g,o,f,e,,w,18.14,18.2,s,y,w,u,w,t,p,,d,u
p,17.22,f,h,e,f,e,,w,18.26,18.23,s,y,w,u,w,t,p,,d,w
p,16.76,x,h,o,f,e,,w,16.78,16.07,s,y,w,u,w,t,p,,d,w
p,16.97,x,g,o,f,e,,w,17.37,16.59,s,y,w,u,w,t,g,,d,w
p,17.87,f,h,e,f,e,,w,19.03,18.39,s,y,w,u,w,t,g,,d,u
p,12.96,f,h,e,f,e,,w,16.0,16.6,s,y,w,u,w,t,p,,d,a
p,15.59,x,h,o,f,e,,w,18.76,18.58,s,y,w,u,w,t,g,,d,w
p,14.37,x,g,e,f,e,,w,18.04,17.27,s,y,w,u,w,t,g,,d,w
p,14.8,x,g,e,f,e,,w,18.13,17.66,s,y,w,u,w,t,g,,d,w
p,13.42,f,g,o,f,e,,w,17.86,17.84,s,y,w,u,w,t,g,,d,w
p,13.44,f,g,e,f,e,,w,16.74,16.54,s,y,w,u,w,t,p,,d,u
p,15.64,x,g,o,f,e,,w,18.05,17.33,s,y,w,u,w,t,p,,d,w
p,15.16,x,g,o,f,e,,w,17.94,17.35,s,y,w,u,w,t,g,,d,a
p,14.24,f,h,o,f,e,,w,16.7,17.07,s,y,w,u,w,t,p,,d,a
p,13.27,x,g,e,f,e,,w,17.5,17.83,s,y,w,u,w,t,p,,d,w
p,14.33,x,g,o,f,e,,w,17.27,17.45,s,y,w,u,w,t,g,,d,a
p,18.59,x,g,o,f,e,,w,18.3,18.82,s,y,w,u,w,t,p,,d,u
p,16.92,x,g,e,f,e,,w,18.35,18.14,s,y,w,u,w,t,g,,d,a
p,14.63,f,h,o,f,e,,w,16.62,15.93,s,y,w,u,w,t,p,,d,w
p,14.71,f,g,e,f,e,,w,18.65,17.98,s,y,w,u,w,t,g,,d,w
p,14.84,x,g,e,f,e,,w,18.23,18.18,s,y,w,u,w,t,g,,d,u
p,14.1,f,g,o,f,e,,w,16.49,17.92,s,y,w,u,w,t,g,,d,u
p,11.69,f,g,e,f,e,,w,17.18,17.11,s,y,w,u,w,t,p,,d,a
p,13.63,f,g,e,f,e,,w,17.04,16.96,s,y,w,u,w,t,p,,d,u
p,15.29,f,g,e,f,e,,w,17.75,16.37,s,y,w,u,w,t,g,,d,w
p,15.57,x,g,e,f,e,,w,18.24,18.41,s,y,w,u,w,t,p,,d,a
p,17.58,x,h,o,f,e,,w,16.86,17.49,s,y,w,u,w,t,g,,d,u
p,15.4,f,g,e,f,e,,w,16.93,17.25,s,y,w,u,w,t,g,,d,w
p,13.64,f,h,e,f,e,,w,16.64,17.59,s,y,w,u,w,t,p,,d,u
p,17.25,x,h,e,f,e,,w,17.8,17.3,s,y,w,u,w,t,g,,d,u
p,17.84,f,h,o,f,e,,w,18.83,18.54,s,y,w,u,w,t,g,,d,w
p,15.48,x,h,e,f,e,,w,17.41,17.4,s,y,w,u,w,t,p,,d,w
p,14.57,f,g,o,f,e,,w,18.08,18.49,s,y,w,u,w,t,g,,d,u
p,14.45,x,g,e,f,e,,w,17.63,17.66,s,y,w,u,w,t,g,,d,a
p,15.79,f,h,e,f,e,,w,18.85,18.13,s,y,w,u,w,t,p,,d,w
p,17.38,x,g,o,f,e,,w,19.27,18.81,s,y,w,u,w,t,g,,d,a
p,14.91,f,g,o,f,e,,w,18.38,16.07,s,y,w,u,w,t,p,,d,w
p,16.98,f,g,o,f,e,,w,17.16,16.65,s,y,w,u,w,t,p,,d,w
p,13.73,f,h,o,f,e,,w,16.38,16.97,s,y,w,u,w,t,p,,d,w
p,14.99,f,h,o,f,e,,w,17.19,16.21,s,y,w,u,w,t,g,,d,a
p,15.01,x,g,o,f,e,,w,18.01,17.33,s,y,w,u,w,t,g,,d,a
p,15.84,x,h,o,f,e,,w,18.54,18.47,s,y,w,u,w,t,g,,d,u
p,16.62,x,g,o,f,e,,w,18.54,18.01,s,y,w,u,w,t,p,,d,a
p,11.29,f,g,o,f,e,,w,16.6,16.69,s,y,w,u,w,t,g,,d,a
p,13.95,f,h,o,f,e,,w,17.08,15.9,s,y,w,u,w,t,g,,d,u
p,14.27,x,h,e,f,e,,w,17.35,16.87,s,y,w,u,w,t,p,,d,u
p,17.38,f,h,o,f,e,,w,17.53,18.3,s,y,w,u,w,t,g,,d,u
p,13.05,x,g,o,f,e,,w,17.87,17.76,s,y,w,u,w,t,g,,d,a
p,14.45,f,h,e,f,e,,w,17.43,17.44,s,y,w,u,w,t,p,,d,u
p,15.88,f,h,o,f,e,,w,17.73,19.16,s,y,w,u,w,t,p,,d,a
p,15.28,f,g,o,f,e,,w,17.97,17.87,s,y,w,u,w,t,g,,d,w
p,14.68,x,h,o,f,e,,w,16.19,16.4,s,y,w,u,w,t,g,,d,a
p,14.39,f,g,e,f,e,,w,16.99,16.08,s,y,w,u,w,t,p,,d,u
p,16.16,f,g,o,f,e,,w,17.93,17.41,s,y,w,u,w,t,g,,d,a
p,15.47,f,h,e,f,e,,w,17.56,18.38,s,y,w,u,w,t,p,,d,u
p,14.05,x,g,o,f,e,,w,16.85,17.07,s,y,w,u,w,t,p,,d,w
p,15.02,f,h,o,f,e,,w,16.62,16.6,s,y,w,u,w,t,g,,d,u
p,17.17,x,g,o,f,e,,w,18.52,18.04,s,y,w,u,w,t,p,,d,u
p,15.01,f,h,o,f,e,,w,17.62,17.39,s,y,w,u,w,t,p,,d,a
p,16.22,x,g,o,f,e,,w,18.56,18.15,s,y,w,u,w,t,p,,d,u
p,14.94,f,h,e,f,e,,w,16.6,16.85,s,y,w,u,w,t,g,,d,u
p,13.22,f,g,o,f,e,,w,17.72,16.43,s,y,w,u,w,t,p,,d,w
p,13.66,x,h,o,f,e,,w,16.81,16.98,s,y,w,u,w,t,g,,d,u
p,18.31,f,h,o,f,e,,w,19.29,18.94,s,y,w,u,w,t,p,,d,u
p,11.68,f,g,o,f,e,,w,17.31,16.62,s,y,w,u,w,t,g,,d,a
p,13.45,f,g,o,f,e,,w,15.84,16.16,s,y,w,u,w,t,g,,d,w
p,14.42,x,h,e,f,e,,w,17.03,16.57,s,y,w,u,w,t,g,,d,w
p,15.6,f,g,e,f,e,,w,18.06,18.83,s,y,w,u,w,t,p,,d,u
p,10.58,x,h,o,f,e,,w,16.33,15.53,s,y,w,u,w,t,g,,d,w
p,17.58,x,h,e,f,e,,w,19.35,19.66,s,y,w,u,w,t,g,,d,w
p,15.6,x,h,o,f,e,,w,17.83,16.89,s,y,w,u,w,t,p,,d,w
p,16.68,x,h,e,f,e,,w,17.19,17.11,s,y,w,u,w,t,p,,d,a
p,15.66,f,h,o,f,e,,w,18.24,18.33,s,y,w,u,w,t,p,,d,a
p,12.18,f,h,o,f,e,,w,16.56,16.18,s,y,w,u,w,t,p,,d,a
p,15.71,f,g,e,f,e,,w,18.02,17.98,s,y,w,u,w,t,g,,d,a
p,14.73,x,h,e,f,e,,w,16.95,17.14,s,y,w,u,w,t,g,,d,w
p,12.42,f,h,e,f,e,,w,18.01,17.71,s,y,w,u,w,t,p,,d,u
p,18.68,x,h,o,f,e,,w,18.63,19.09,s,y,w,u,w,t,p,,d,u
p,16.82,f,h,o,f,e,,w,17.78,18.03,s,y,w,u,w,t,g,,d,a
p,15.35,f,h,e,f,e,,w,17.27,17.54,s,y,w,u,w,t,p,,d,w
p,14.34,f,h,o,f,e,,w,16.02,15.99,s,y,w,u,w,t,p,,d,w
p,13.99,x,g,e,f,e,,w,15.42,15.85,s,y,w,u,w,t,g,,d,u
p,16.46,f,g,o,f,e,,w,17.29,16.9,s,y,w,u,w,t,p,,d,a
p,15.72,f,g,e,f,e,,w,17.88,16.98,s,y,w,u,w,t,p,,d,u
p,15.73,x,h,o,f,e,,w,18.6,17.93,s,y,w,u,w,t,g,,d,a
p,14.81,x,h,e,f,e,,w,18.52,18.29,s,y,w,u,w,t,p,,d,w
p,16.51,x,g,e,f,e,,w,17.86,17.96,s,y,w,u,w,t,g,,d,a
p,14.05,x,g,e,f,e,,w,17.88,17.45,s,y,w,u,w,t,p,,d,a
p,13.23,f,g,e,f,e,,w,16.41,16.39,s,y,w,u,w,t,p,,d,u
p,13.68,x,h,e,f,e,,w,18.15,18.21,s,y,w,u,w,t,g,,d,a
p,15.42,f,h,e,f,e,,w,18.08,17.78,s,y,w,u,w,t,p,,d,w
p,15.37,f,h,o,f,e,,w,17.01,17.29,s,y,w,u,w,t,g,,d,u
p,17.31,x,g,e,f,e,,w,16.94,18.47,s,y,w,u,w,t,p,,d,a
p,14.84,f,h,o,f,e,,w,16.79,18.0,s,y,w,u,w,t,g,,d,w
p,13.95,f,g,o,f,e,,w,17.11,16.94,s,y,w,u,w,t,g,,d,w
p,13.43,f,g,e,f,e,,w,16.88,17.61,s,y,w,u,w,t,g,,d,u
p,16.39,x,g,e,f,e,,w,18.94,18.58,s,y,w,u,w,t,g,,d,u
p,11.7,x,h,o,f,e,,w,16.01,16.33,s,y,w,u,w,t,g,,d,u
p,12.6,x,g,o,f,e,,w,17.81,15.5,s,y,w,u,w,t,p,,d,w
p,16.16,f,g,o,f,e,,w,16.73,16.79,s,y,w,u,w,t,p,,d,u
p,12.67,x,g,o,f,e,,w,15.68,15.29,s,y,w,u,w,t,g,,d,a
p,15.52,x,g,o,f,e,,w,16.95,17.44,s,y,w,u,w,t,g,,d,u
p,15.26,x,g,o,f,e,,w,18.99,18.03,s,y,w,u,w,t,p,,d,w
p,16.2,x,g,e,f,e,,w,17.39,17.53,s,y,w,u,w,t,p,,d,u
p,16.82,f,h,e,f,e,,w,17.81,16.9,s,y,w,u,w,t,p,,d,a
p,15.27,f,h,e,f,e,,w,17.17,16.97,s,y,w,u,w,t,p,,d,u
p,12.1,f,g,o,f,e,,w,16.25,17.06,s,y,w,u,w,t,g,,d,w
p,14.28,x,g,e,f,e,,w,17.77,17.12,s,y,w,u,w,t,p,,d,u
p,15.03,f,g,o,f,e,,w,16.71,16.74,s,y,w,u,w,t,g,,d,a
p,18.1,x,g,e,f,e,,w,18.35,18.7,s,y,w,u,w,t,g,,d,w
p,16.69,f,g,o,f,e,,w,17.0,17.45,s,y,w,u,w,t,p,,d,w
p,11.3,x,h,o,f,e,,w,15.69,16.34,s,y,w,u,w,t,g,,d,u
p,14.66,f,g,e,f,e,,w,16.73,15.27,s,y,w,u,w,t,g,,d,a
p,13.99,f,h,e,f,e,,w,16.71,16.23,s,y,w,u,w,t,p,,d,u
p,13.62,f,h,e,f,e,,w,17.6,17.3,s,y,w,u,w,t,g,,d,a
p,14.49,f,g,e,f,e,,w,16.77,17.22,s,y,w,u,w,t,g,,d,w
p,14.16,x,g,e,f,e,,w,16.44,17.34,s,y,w,u,w,t,g,,d,w
p,18.89,x,g,o,f,e,,w,18.23,17.94,s,y,w,u,w,t,p,,d,a
p,13.03,x,h,o,f,e,,w,16.72,16.85,s,y,w,u,w,t,p,,d,u
p,12.8,x,g,e,f,e,,w,16.48,16.24,s,y,w,u,w,t,g,,d,u
p,13.7,x,g,e,f,e,,w,17.84,17.91,s,y,w,u,w,t,g,,d,u
p,14.42,x,h,o,f,e,,w,18.2,18.06,s,y,w,u,w,t,g,,d,u
p,14.45,x,g,o,f,e,,w,17.44,17.25,s,y,w,u,w,t,g,,d,u
p,16.11,f,g,e,f,e,,w,17.95,18.61,s,y,w,u,w,t,p,,d,a
p,15.61,x,g,e,f,e,,w,17.62,17.79,s,y,w,u,w,t,g,,d,w
p,14.93,x,h,o,f,e,,w,17.71,18.23,s,y,w,u,w,t,g,,d,w
p,15.58,f,g,e,f,e,,w,18.14,17.96,s,y,w,u,w,t,g,,d,u
p,15.98,x,h,e,f,e,,w,18.08,18.66,s,y,w,u,w,t,p,,d,a
p,15.62,f,h,o,f,e,,w,18.48,17.75,s,y,w,u,w,t,p,,d,u
p,16.79,x,g,e,f,e,,w,17.98,16.76,s,y,w,u,w,t,g,,d,a
p,13.6,f,h,o,f,e,,w,16.32,16.09,s,y,w,u,w,t,g,,d,u
p,15.3,f,h,e,f,e,,w,19.02,18.84,s,y,w,u,w,t,g,,d,w
p,16.08,f,g,o,f,e,,w,17.33,18.09,s,y,w,u,w,t,g,,d,a
p,13.43,x,h,e,f,e,,w,17.1,17.25,s,y,w,u,w,t,p,,d,w
p,16.24,x,h,o,f,e,,w,17.45,17.78,s,y,w,u,w,t,p,,d,a
p,16.78,f,h,o,f,e,,w,17.81,17.92,s,y,w,u,w,t,g,,d,u
p,16.26,f,h,o,f,e,,w,17.31,17.3,s,y,w,u,w,t,g,,d,a
p,12.59,x,h,e,f,e,,w,15.47,15.77,s,y,w,u,w,t,p,,d,w
p,16.68,x,h,e,f,e,,w,19.01,17.55,s,y,w,u,w,t,p,,d,a
p,14.89,f,h,o,f,e,,w,18.57,17.73,s,y,w,u,w,t,g,,d,a
p,14.72,x,g,o,f,e,,w,17.66,18.03,s,y,w,u,w,t,g,,d,w
p,13.59,x,h,o,f,e,,w,17.57,18.17,s,y,w,u,w,t,g,,d,w
p,16.07,x,g,o,f,e,,w,17.23,17.76,s,y,w,u,w,t,p,,d,u
p,6.87,x,g,n,f,e,,w,6.88,13.64,,y,w,u,w,t,p,,d,a
p,8.59,p,g,n,f,e,,w,9.15,17.34,,y,w,u,w,t,p,,d,a
p,5.95,p,g,n,f,e,,w,7.54,12.73,,y,w,u,w,t,p,,d,u
p,6.51,x,g,n,f,e,,w,6.8,12.92,,y,w,u,w,t,p,,d,a
p,7.66,x,g,n,f,e,,w,8.55,14.98,,y,w,u,w,t,p,,d,a
p,6.4,x,g,n,f,e,,w,7.68,14.68,,y,w,u,w,t,p,,d,u
p,7.06,p,g,n,f,e,,w,7.26,12.03,,y,w,u,w,t,p,,d,u
p,6.32,x,g,n,f,e,,w,7.66,15.84,,y,w,u,w,t,p,,d,a
p,8.8,x,g,n,f,e,,w,8.44,16.56,,y,w,u,w,t,p,,d,u
p,7.5,p,g,n,f,e,,w,6.37,11.75,,y,w,u,w,t,p,,d,u
p,6.44,p,g,n,f,e,,w,7.61,13.59,,y,w,u,w,t,p,,d,u
p,6.64,p,g,n,f,e,,w,7.14,12.48,,y,w,u,w,t,p,,d,a
p,6.93,x,g,n,f,e,,w,7.99,14.23,,y,w,u,w,t,p,,d,u
p,8.23,x,g,n,f,e,,w,8.2,15.67,,y,w,u,w,t,p,,d,a
p,7.37,x,g,n,f,e,,w,7.8,13.6,,y,w,u,w,t,p,,d,a
p,8.49,p,g,n,f,e,,w,8.35,15.7,,y,w,u,w,t,p,,d,u
p,7.05,x,g,n,f,e,,w,8.63,16.79,,y,w,u,w,t,p,,d,a
p,5.92,x,g,n,f,e,,w,7.47,12.44,,y,w,u,w,t,p,,d,u
p,8.91,x,g,n,f,e,,w,9.11,16.66,,y,w,u,w,t,p,,d,u
p,8.71,x,g,n,f,e,,w,8.8,16.46,,y,w,u,w,t,p,,d,u
p,8.79,x,g,n,f,e,,w,8.71,16.44,,y,w,u,w,t,p,,d,u
p,7.09,p,g,n,f,e,,w,7.97,11.93,,y,w,u,w,t,p,,d,a
p,8.08,x,g,n,f,e,,w,8.22,16.67,,y,w,u,w,t,p,,d,u
p,7.63,x,g,n,f,e,,w,7.97,13.44,,y,w,u,w,t,p,,d,u
p,6.39,x,g,n,f,e,,w,8.03,13.86,,y,w,u,w,t,p,,d,u
p,6.86,x,g,n,f,e,,w,8.04,16.3,,y,w,u,w,t,p,,d,u
p,8.85,p,g,n,f,e,,w,8.58,15.18,,y,w,u,w,t,p,,d,a
p,7.73,p,g,n,f,e,,w,9.09,16.3,,y,w,u,w,t,p,,d,a
p,5.84,x,g,n,f,e,,w,8.14,14.47,,y,w,u,w,t,p,,d,u
p,6.5,p,g,n,f,e,,w,8.46,16.14,,y,w,u,w,t,p,,d,a
p,6.58,x,g,n,f,e,,w,7.82,14.05,,y,w,u,w,t,p,,d,u
p,7.2,x,g,n,f,e,,w,7.69,15.52,,y,w,u,w,t,p,,d,a
p,5.55,x,g,n,f,e,,w,7.19,12.25,,y,w,u,w,t,p,,d,a
p,6.63,x,g,n,f,e,,w,7.95,15.63,,y,w,u,w,t,p,,d,a
p,6.83,x,g,n,f,e,,w,7.8,16.88,,y,w,u,w,t,p,,d,u
p,6.3,p,g,n,f,e,,w,7.86,13.85,,y,w,u,w,t,p,,d,a
p,8.82,x,g,n,f,e,,w,7.84,13.76,,y,w,u,w,t,p,,d,u
p,7.33,x,g,n,f,e,,w,8.29,14.74,,y,w,u,w,t,p,,d,u
p,8.5,x,g,n,f,e,,w,6.69,13.83,,y,w,u,w,t,p,,d,a
p,8.07,x,g,n,f,e,,w,7.98,15.37,,y,w,u,w,t,p,,d,u
p,6.85,x,g,n,f,e,,w,7.83,13.03,,y,w,u,w,t,p,,d,u
p,7.44,p,g,n,f,e,,w,8.58,15.59,,y,w,u,w,t,p,,d,a
p,7.19,x,g,n,f,e,,w,7.24,17.2,,y,w,u,w,t,p,,d,a
p,7.07,x,g,n,f,e,,w,8.82,18.08,,y,w,u,w,t,p,,d,a
p,7.81,x,g,n,f,e,,w,8.12,14.57,,y,w,u,w,t,p,,d,a
p,6.08,x,g,n,f,e,,w,7.71,14.72,,y,w,u,w,t,p,,d,a
p,8.01,x,g,n,f,e,,w,8.81,14.45,,y,w,u,w,t,p,,d,a
p,7.5,p,g,n,f,e,,w,8.88,15.87,,y,w,u,w,t,p,,d,u
p,8.47,x,g,n,f,e,,w,9.3,16.31,,y,w,u,w,t,p,,d,u
p,6.36,x,g,n,f,e,,w,6.01,12.19,,y,w,u,w,t,p,,d,a
p,7.53,p,g,n,f,e,,w,8.3,15.86,,y,w,u,w,t,p,,d,u
p,7.62,p,g,n,f,e,,w,8.19,15.52,,y,w,u,w,t,p,,d,u
p,6.18,p,g,n,f,e,,w,7.98,14.28,,y,w,u,w,t,p,,d,u
p,6.67,p,g,n,f,e,,w,9.1,15.35,,y,w,u,w,t,p,,d,a
p,5.61,x,g,n,f,e,,w,7.23,10.48,,y,w,u,w,t,p,,d,a
p,8.08,x,g,n,f,e,,w,7.87,14.49,,y,w,u,w,t,p,,d,a
p,6.37,p,g,n,f,e,,w,8.65,16.68,,y,w,u,w,t,p,,d,u
p,6.25,p,g,n,f,e,,w,6.99,14.21,,y,w,u,w,t,p,,d,u
p,6.8,x,g,n,f,e,,w,7.24,12.94,,y,w,u,w,t,p,,d,a
p,6.71,x,g,n,f,e,,w,7.09,14.96,,y,w,u,w,t,p,,d,a
p,8.38,x,g,n,f,e,,w,8.16,15.38,,y,w,u,w,t,p,,d,a
p,6.52,x,g,n,f,e,,w,7.29,12.43,,y,w,u,w,t,p,,d,u
p,5.73,p,g,n,f,e,,w,6.83,14.08,,y,w,u,w,t,p,,d,a
p,8.03,x,g,n,f,e,,w,7.82,13.89,,y,w,u,w,t,p,,d,u
p,8.25,x,g,n,f,e,,w,7.05,14.58,,y,w,u,w,t,p,,d,a
p,9.0,p,g,n,f,e,,w,8.79,16.28,,y,w,u,w,t,p,,d,u
p,7.97,p,g,n,f,e,,w,8.0,13.26,,y,w,u,w,t,p,,d,u
p,7.45,x,g,n,f,e,,w,8.56,14.67,,y,w,u,w,t,p,,d,u
p,6.27,p,g,n,f,e,,w,8.18,13.41,,y,w,u,w,t,p,,d,a
p,7.38,p,g,n,f,e,,w,8.33,12.98,,y,w,u,w,t,p,,d,a
p,7.02,p,g,n,f,e,,w,7.75,15.3,,y,w,u,w,t,p,,d,a
p,6.9,p,g,n,f,e,,w,7.46,13.54,,y,w,u,w,t,p,,d,u
p,7.22,p,g,n,f,e,,w,8.01,15.3,,y,w,u,w,t,p,,d,a
p,7.67,x,g,n,f,e,,w,7.85,13.84,,y,w,u,w,t,p,,d,a
p,7.83,x,g,n,f,e,,w,7.92,16.02,,y,w,u,w,t,p,,d,u
p,6.11,x,g,n,f,e,,w,7.53,14.06,,y,w,u,w,t,p,,d,a
p,7.81,p,g,n,f,e,,w,7.8,14.7,,y,w,u,w,t,p,,d,u
p,6.59,x,g,n,f,e,,w,8.28,15.21,,y,w,u,w,t,p,,d,u
p,6.59,x,g,n,f,e,,w,8.58,12.09,,y,w,u,w,t,p,,d,u
p,8.66,p,g,n,f,e,,w,8.87,16.85,,y,w,u,w,t,p,,d,u
p,7.9,x,g,n,f,e,,w,8.57,18.02,,y,w,u,w,t,p,,d,u
p,6.69,x,g,n,f,e,,w,7.4,14.25,,y,w,u,w,t,p,,d,u
p,7.58,x,g,n,f,e,,w,8.89,15.76,,y,w,u,w,t,p,,d,a
p,7.22,p,g,n,f,e,,w,8.41,15.87,,y,w,u,w,t,p,,d,u
p,7.37,x,g,n,f,e,,w,7.22,14.66,,y,w,u,w,t,p,,d,u
p,7.76,x,g,n,f,e,,w,7.37,13.72,,y,w,u,w,t,p,,d,a
p,6.84,p,g,n,f,e,,w,7.71,15.62,,y,w,u,w,t,p,,d,a
p,7.7,p,g,n,f,e,,w,9.6,18.0,,y,w,u,w,t,p,,d,a
p,9.14,p,g,n,f,e,,w,9.13,18.81,,y,w,u,w,t,p,,d,u
p,7.94,p,g,n,f,e,,w,9.24,15.9,,y,w,u,w,t,p,,d,a
p,6.37,x,g,n,f,e,,w,7.38,13.26,,y,w,u,w,t,p,,d,u
p,7.25,x,g,n,f,e,,w,8.54,15.42,,y,w,u,w,t,p,,d,a
p,8.28,p,g,n,f,e,,w,8.03,13.89,,y,w,u,w,t,p,,d,a
p,7.18,x,g,n,f,e,,w,7.54,15.97,,y,w,u,w,t,p,,d,u
p,5.5,p,g,n,f,e,,w,6.28,10.99,,y,w,u,w,t,p,,d,a
p,7.0,p,g,n,f,e,,w,7.22,12.09,,y,w,u,w,t,p,,d,u
p,6.4,x,g,n,f,e,,w,7.27,14.66,,y,w,u,w,t,p,,d,a
p,8.54,p,g,n,f,e,,w,7.34,12.73,,y,w,u,w,t,p,,d,u
p,8.18,p,g,n,f,e,,w,8.19,14.26,,y,w,u,w,t,p,,d,u
p,8.41,p,g,n,f,e,,w,8.35,15.84,,y,w,u,w,t,p,,d,u
p,7.43,x,g,n,f,e,,w,8.25,14.89,,y,w,u,w,t,p,,d,a
p,7.59,p,g,n,f,e,,w,7.86,12.64,,y,w,u,w,t,p,,d,a
p,7.52,p,g,n,f,e,,w,8.63,18.21,,y,w,u,w,t,p,,d,a
p,8.1,p,g,n,f,e,,w,8.07,13.67,,y,w,u,w,t,p,,d,u
p,6.87,x,g,n,f,e,,w,7.31,14.17,,y,w,u,w,t,p,,d,a
p,6.91,x,g,n,f,e,,w,8.16,16.1,,y,w,u,w,t,p,,d,u
p,8.0,x,g,n,f,e,,w,7.58,15.87,,y,w,u,w,t,p,,d,a
p,8.48,p,g,n,f,e,,w,8.75,16.35,,y,w,u,w,t,p,,d,u
p,7.47,p,g,n,f,e,,w,9.1,15.54,,y,w,u,w,t,p,,d,a
p,7.72,p,g,n,f,e,,w,8.98,17.12,,y,w,u,w,t,p,,d,u
p,6.29,p,g,n,f,e,,w,7.56,13.69,,y,w,u,w,t,p,,d,u
p,7.24,x,g,n,f,e,,w,8.56,14.83,,y,w,u,w,t,p,,d,u
p,8.2,p,g,n,f,e,,w,8.5,16.31,,y,w,u,w,t,p,,d,a
p,8.59,p,g,n,f,e,,w,7.53,16.05,,y,w,u,w,t,p,,d,a
p,7.43,p,g,n,f,e,,w,8.36,16.23,,y,w,u,w,t,p,,d,u
p,7.86,x,g,n,f,e,,w,7.4,13.4,,y,w,u,w,t,p,,d,u
p,9.89,x,g,n,f,e,,w,10.09,20.18,,y,w,u,w,t,p,,d,u
p,8.61,p,g,n,f,e,,w,8.45,15.72,,y,w,u,w,t,p,,d,u
p,7.17,x,g,n,f,e,,w,7.4,15.23,,y,w,u,w,t,p,,d,u
p,7.08,x,g,n,f,e,,w,7.84,14.57,,y,w,u,w,t,p,,d,u
p,6.57,x,g,n,f,e,,w,7.84,13.75,,y,w,u,w,t,p,,d,a
p,7.7,x,g,n,f,e,,w,7.65,14.9,,y,w,u,w,t,p,,d,u
p,7.21,x,g,n,f,e,,w,8.12,14.11,,y,w,u,w,t,p,,d,a
p,7.83,p,g,n,f,e,,w,8.84,15.88,,y,w,u,w,t,p,,d,u
p,7.53,x,g,n,f,e,,w,7.79,16.13,,y,w,u,w,t,p,,d,a
p,7.93,p,g,n,f,e,,w,7.78,14.43,,y,w,u,w,t,p,,d,u
p,7.93,x,g,n,f,e,,w,7.58,14.61,,y,w,u,w,t,p,,d,a
p,8.7,x,g,n,f,e,,w,8.62,16.83,,y,w,u,w,t,p,,d,u
p,7.09,p,g,n,f,e,,w,7.71,12.91,,y,w,u,w,t,p,,d,u
p,8.35,x,g,n,f,e,,w,8.79,18.48,,y,w,u,w,t,p,,d,u
p,6.15,x,g,n,f,e,,w,7.45,13.62,,y,w,u,w,t,p,,d,a
p,6.06,p,g,n,f,e,,w,6.99,11.9,,y,w,u,w,t,p,,d,a
p,7.69,p,g,n,f,e,,w,8.65,15.55,,y,w,u,w,t,p,,d,u
p,6.92,x,g,n,f,e,,w,9.18,18.11,,y,w,u,w,t,p,,d,a
p,7.67,x,g,n,f,e,,w,7.3,14.32,,y,w,u,w,t,p,,d,a
p,6.79,p,g,n,f,e,,w,7.47,13.65,,y,w,u,w,t,p,,d,u
p,6.83,x,g,n,f,e,,w,8.87,16.22,,y,w,u,w,t,p,,d,u
p,6.38,x,g,n,f,e,,w,8.43,14.68,,y,w,u,w,t,p,,d,a
p,6.93,x,g,n,f,e,,w,7.13,13.59,,y,w,u,w,t,p,,d,a
p,7.71,x,g,n,f,e,,w,7.47,13.22,,y,w,u,w,t,p,,d,u
p,8.43,x,g,n,f,e,,w,8.61,17.4,,y,w,u,w,t,p,,d,a
p,7.25,p,g,n,f,e,,w,8.74,16.56,,y,w,u,w,t,p,,d,u
p,7.7,x,g,n,f,e,,w,8.22,16.29,,y,w,u,w,t,p,,d,u
p,7.83,p,g,n,f,e,,w,7.78,13.22,,y,w,u,w,t,p,,d,a
p,7.75,p,g,n,f,e,,w,8.8,16.71,,y,w,u,w,t,p,,d,a
p,8.94,p,g,n,f,e,,w,9.75,20.04,,y,w,u,w,t,p,,d,a
p,6.34,x,g,n,f,e,,w,7.75,15.82,,y,w,u,w,t,p,,d,a
p,5.85,x,g,n,f,e,,w,6.96,11.62,,y,w,u,w,t,p,,d,u
p,7.54,x,g,n,f,e,,w,7.37,14.53,,y,w,u,w,t,p,,d,u
p,6.96,x,g,n,f,e,,w,8.48,18.23,,y,w,u,w,t,p,,d,a
p,8.0,x,g,n,f,e,,w,8.09,15.26,,y,w,u,w,t,p,,d,u
p,8.76,p,g,n,f,e,,w,7.94,17.4,,y,w,u,w,t,p,,d,u
p,7.42,x,g,n,f,e,,w,8.34,16.0,,y,w,u,w,t,p,,d,a
p,6.71,p,g,n,f,e,,w,7.42,14.02,,y,w,u,w,t,p,,d,u
p,7.13,p,g,n,f,e,,w,7.17,13.12,,y,w,u,w,t,p,,d,a
p,8.33,p,g,n,f,e,,w,7.59,16.06,,y,w,u,w,t,p,,d,a
p,7.24,x,g,n,f,e,,w,8.66,15.56,,y,w,u,w,t,p,,d,u
p,8.7,x,g,n,f,e,,w,8.67,17.02,,y,w,u,w,t,p,,d,a
p,7.66,x,g,n,f,e,,w,8.36,16.23,,y,w,u,w,t,p,,d,a
p,8.14,p,g,n,f,e,,w,7.46,14.82,,y,w,u,w,t,p,,d,a
p,7.42,p,g,n,f,e,,w,7.82,16.31,,y,w,u,w,t,p,,d,u
p,8.01,x,g,n,f,e,,w,8.08,15.84,,y,w,u,w,t,p,,d,u
p,7.71,p,g,n,f,e,,w,7.19,11.56,,y,w,u,w,t,p,,d,a
p,7.94,p,g,n,f,e,,w,8.19,16.61,,y,w,u,w,t,p,,d,u
p,8.53,x,g,n,f,e,,w,8.66,15.8,,y,w,u,w,t,p,,d,u
p,7.82,x,g,n,f,e,,w,7.97,14.3,,y,w,u,w,t,p,,d,a
p,7.18,p,g,n,f,e,,w,7.46,15.77,,y,w,u,w,t,p,,d,u
p,6.91,x,g,n,f,e,,w,8.12,14.63,,y,w,u,w,t,p,,d,u
p,7.69,p,g,n,f,e,,w,9.26,18.08,,y,w,u,w,t,p,,d,a
p,7.39,x,g,n,f,e,,w,7.66,13.81,,y,w,u,w,t,p,,d,a
p,8.05,p,g,n,f,e,,w,8.66,16.12,,y,w,u,w,t,p,,d,u
p,6.26,x,g,n,f,e,,w,7.63,12.84,,y,w,u,w,t,p,,d,u
p,7.17,p,g,n,f,e,,w,7.94,14.74,,y,w,u,w,t,p,,d,a
p,7.52,p,g,n,f,e,,w,8.06,14.48,,y,w,u,w,t,p,,d,a
p,7.56,p,g,n,f,e,,w,7.76,16.14,,y,w,u,w,t,p,,d,u
p,8.43,p,g,n,f,e,,w,8.16,17.47,,y,w,u,w,t,p,,d,a
p,6.43,x,g,n,f,e,,w,6.84,13.03,,y,w,u,w,t,p,,d,u
p,7.97,p,g,n,f,e,,w,7.35,13.43,,y,w,u,w,t,p,,d,a
p,8.54,p,g,n,f,e,,w,9.49,17.22,,y,w,u,w,t,p,,d,u
p,6.05,x,g,n,f,e,,w,7.31,14.96,,y,w,u,w,t,p,,d,a
p,8.84,p,g,n,f,e,,w,8.12,16.65,,y,w,u,w,t,p,,d,u
p,6.29,p,g,n,f,e,,w,6.37,13.51,,y,w,u,w,t,p,,d,a
p,9.15,p,g,n,f,e,,w,8.16,14.71,,y,w,u,w,t,p,,d,u
p,6.59,x,g,n,f,e,,w,7.08,15.42,,y,w,u,w,t,p,,d,u
p,7.38,p,g,n,f,e,,w,8.73,17.96,,y,w,u,w,t,p,,d,a
p,7.61,x,g,n,f,e,,w,7.94,15.11,,y,w,u,w,t,p,,d,a
p,9.06,x,g,n,f,e,,w,8.11,17.08,,y,w,u,w,t,p,,d,u
p,7.31,x,g,n,f,e,,w,6.75,12.94,,y,w,u,w,t,p,,d,a
p,8.19,p,g,n,f,e,,w,7.42,13.65,,y,w,u,w,t,p,,d,u
p,7.86,x,g,n,f,e,,w,8.32,16.44,,y,w,u,w,t,p,,d,a
p,8.03,x,g,n,f,e,,w,8.78,16.77,,y,w,u,w,t,p,,d,a
p,8.38,x,g,n,f,e,,w,9.13,17.14,,y,w,u,w,t,p,,d,u
p,6.44,p,g,n,f,e,,w,8.12,15.42,,y,w,u,w,t,p,,d,u
p,7.33,p,g,n,f,e,,w,7.11,11.91,,y,w,u,w,t,p,,d,u
p,7.97,p,g,n,f,e,,w,8.22,14.95,,y,w,u,w,t,p,,d,a
p,7.13,x,g,n,f,e,,w,8.93,18.96,,y,w,u,w,t,p,,d,u
p,7.02,x,g,n,f,e,,w,6.7,11.31,,y,w,u,w,t,p,,d,u
p,8.6,x,g,n,f,e,,w,7.39,14.85,,y,w,u,w,t,p,,d,u
p,8.22,x,g,n,f,e,,w,8.36,15.0,,y,w,u,w,t,p,,d,u
p,6.49,x,g,n,f,e,,w,7.12,12.72,,y,w,u,w,t,p,,d,u
p,6.88,p,g,n,f,e,,w,7.52,13.7,,y,w,u,w,t,p,,d,u
p,7.77,p,g,n,f,e,,w,9.07,15.49,,y,w,u,w,t,p,,d,a
p,7.7,p,g,n,f,e,,w,7.23,14.52,,y,w,u,w,t,p,,d,a
p,6.14,p,g,n,f,e,,w,6.93,15.14,,y,w,u,w,t,p,,d,a
p,8.26,p,g,n,f,e,,w,7.52,14.29,,y,w,u,w,t,p,,d,u
p,8.88,x,g,n,f,e,,w,8.65,15.99,,y,w,u,w,t,p,,d,u
p,6.77,x,g,n,f,e,,w,8.44,13.24,,y,w,u,w,t,p,,d,u
p,7.86,x,g,n,f,e,,w,7.62,14.45,,y,w,u,w,t,p,,d,a
p,7.21,x,g,n,f,e,,w,6.8,15.25,,y,w,u,w,t,p,,d,u
p,7.92,p,g,n,f,e,,w,7.39,14.99,,y,w,u,w,t,p,,d,a
p,8.04,x,g,n,f,e,,w,8.67,15.26,,y,w,u,w,t,p,,d,u
p,7.78,p,g,n,f,e,,w,7.81,14.95,,y,w,u,w,t,p,,d,a
p,8.11,x,g,n,f,e,,w,7.12,14.4,,y,w,u,w,t,p,,d,u
p,8.84,p,g,n,f,e,,w,8.69,17.38,,y,w,u,w,t,p,,d,u
p,7.24,p,g,n,f,e,,w,8.33,15.77,,y,w,u,w,t,p,,d,u
p,8.61,p,g,n,f,e,,w,8.45,15.61,,y,w,u,w,t,p,,d,u
p,7.69,x,g,n,f,e,,w,8.07,16.87,,y,w,u,w,t,p,,d,u
p,8.14,p,g,n,f,e,,w,8.67,15.08,,y,w,u,w,t,p,,d,u
p,6.06,x,g,n,f,e,,w,8.02,16.17,,y,w,u,w,t,p,,d,a
p,5.68,x,g,n,f,e,,w,6.86,15.3,,y,w,u,w,t,p,,d,a
p,8.2,p,g,n,f,e,,w,8.18,15.44,,y,w,u,w,t,p,,d,a
p,8.62,x,g,n,f,e,,w,8.43,16.99,,y,w,u,w,t,p,,d,a
p,6.63,x,g,n,f,e,,w,8.06,14.05,,y,w,u,w,t,p,,d,a
p,7.72,p,g,n,f,e,,w,8.41,16.69,,y,w,u,w,t,p,,d,a
p,6.24,x,g,n,f,e,,w,7.93,13.72,,y,w,u,w,t,p,,d,a
p,7.79,x,g,n,f,e,,w,6.91,14.5,,y,w,u,w,t,p,,d,a
p,8.21,p,g,n,f,e,,w,9.0,17.64,,y,w,u,w,t,p,,d,a
p,7.08,p,g,n,f,e,,w,7.77,15.05,,y,w,u,w,t,p,,d,a
p,8.44,p,g,n,f,e,,w,9.54,18.2,,y,w,u,w,t,p,,d,a
p,7.29,x,g,n,f,e,,w,7.27,14.35,,y,w,u,w,t,p,,d,u
p,9.1,p,g,n,f,e,,w,8.61,18.79,,y,w,u,w,t,p,,d,u
p,7.54,p,g,n,f,e,,w,7.96,13.51,,y,w,u,w,t,p,,d,a
p,8.28,x,g,n,f,e,,w,7.92,15.61,,y,w,u,w,t,p,,d,u
p,7.37,x,g,n,f,e,,w,8.08,15.43,,y,w,u,w,t,p,,d,a
p,8.23,x,g,n,f,e,,w,7.13,12.2,,y,w,u,w,t,p,,d,a
p,8.45,x,g,n,f,e,,w,7.84,14.45,,y,w,u,w,t,p,,d,a
p,8.31,p,g,n,f,e,,w,7.46,13.14,,y,w,u,w,t,p,,d,a
p,7.03,p,g,n,f,e,,w,6.71,10.67,,y,w,u,w,t,p,,d,u
p,8.49,x,g,n,f,e,,w,8.66,16.41,,y,w,u,w,t,p,,d,a
p,6.64,x,g,n,f,e,,w,7.12,14.16,,y,w,u,w,t,p,,d,a
p,8.87,p,g,n,f,e,,w,9.29,17.1,,y,w,u,w,t,p,,d,a
p,6.58,p,g,n,f,e,,w,7.21,13.47,,y,w,u,w,t,p,,d,u
p,6.8,x,g,n,f,e,,w,7.47,14.3,,y,w,u,w,t,p,,d,u
p,7.59,p,g,n,f,e,,w,7.77,13.71,,y,w,u,w,t,p,,d,a
p,7.42,p,g,n,f,e,,w,7.41,14.04,,y,w,u,w,t,p,,d,a
p,8.63,x,g,n,f,e,,w,7.88,15.96,,y,w,u,w,t,p,,d,a
p,8.05,x,g,n,f,e,,w,8.74,16.01,,y,w,u,w,t,p,,d,a
p,7.31,p,g,n,f,e,,w,7.26,13.97,,y,w,u,w,t,p,,d,u
p,9.3,p,g,n,f,e,,w,9.0,16.33,,y,w,u,w,t,p,,d,a
p,8.19,x,g,n,f,e,,w,8.78,16.05,,y,w,u,w,t,p,,d,a
p,7.74,x,g,n,f,e,,w,7.95,16.52,,y,w,u,w,t,p,,d,u
p,7.55,x,g,n,f,e,,w,7.58,14.49,,y,w,u,w,t,p,,d,a
p,8.27,x,g,n,f,e,,w,8.65,16.27,,y,w,u,w,t,p,,d,a
p,5.81,p,g,n,f,e,,w,7.19,13.68,,y,w,u,w,t,p,,d,a
p,7.03,p,g,n,f,e,,w,7.95,12.54,,y,w,u,w,t,p,,d,u
p,6.88,x,g,n,f,e,,w,7.51,13.83,,y,w,u,w,t,p,,d,u
p,7.19,x,g,n,f,e,,w,8.08,12.86,,y,w,u,w,t,p,,d,a
p,8.01,p,g,n,f,e,,w,7.3,13.64,,y,w,u,w,t,p,,d,a
p,7.65,p,g,n,f,e,,w,8.63,17.31,,y,w,u,w,t,p,,d,u
p,6.28,x,g,n,f,e,,w,7.72,11.83,,y,w,u,w,t,p,,d,a
p,7.42,p,g,n,f,e,,w,7.89,13.94,,y,w,u,w,t,p,,d,a
p,6.44,p,g,n,f,e,,w,7.46,9.92,,y,w,u,w,t,p,,d,a
p,8.36,p,g,n,f,e,,w,7.65,15.22,,y,w,u,w,t,p,,d,u
p,7.53,x,g,n,f,e,,w,7.99,15.99,,y,w,u,w,t,p,,d,u
p,7.64,x,g,n,f,e,,w,8.31,13.47,,y,w,u,w,t,p,,d,a
p,7.36,p,g,n,f,e,,w,8.28,16.35,,y,w,u,w,t,p,,d,u
p,6.32,p,g,n,f,e,,w,6.7,10.75,,y,w,u,w,t,p,,d,u
p,7.77,p,g,n,f,e,,w,8.87,17.98,,y,w,u,w,t,p,,d,a
p,5.18,x,g,n,f,e,,w,7.35,11.91,,y,w,u,w,t,p,,d,a
p,6.99,x,g,n,f,e,,w,7.87,14.7,,y,w,u,w,t,p,,d,a
p,7.75,x,g,n,f,e,,w,7.34,13.45,,y,w,u,w,t,p,,d,u
p,7.65,x,g,n,f,e,,w,7.81,13.96,,y,w,u,w,t,p,,d,a
p,6.87,p,g,n,f,e,,w,8.2,15.0,,y,w,u,w,t,p,,d,a
p,8.44,p,g,n,f,e,,w,9.08,16.19,,y,w,u,w,t,p,,d,a
p,7.81,x,g,n,f,e,,w,7.78,12.57,,y,w,u,w,t,p,,d,u
p,7.68,x,g,n,f,e,,w,8.57,14.79,,y,w,u,w,t,p,,d,u
p,8.57,x,g,n,f,e,,w,7.63,16.07,,y,w,u,w,t,p,,d,a
p,7.25,p,g,n,f,e,,w,8.11,14.94,,y,w,u,w,t,p,,d,u
p,8.34,p,g,n,f,e,,w,8.82,16.32,,y,w,u,w,t,p,,d,a
p,7.06,x,g,n,f,e,,w,8.13,14.14,,y,w,u,w,t,p,,d,u
p,5.94,x,g,n,f,e,,w,7.94,15.37,,y,w,u,w,t,p,,d,a
p,8.89,x,g,n,f,e,,w,8.65,14.81,,y,w,u,w,t,p,,d,a
p,7.62,x,g,n,f,e,,w,6.76,10.96,,y,w,u,w,t,p,,d,a
p,8.08,p,g,n,f,e,,w,8.5,15.03,,y,w,u,w,t,p,,d,a
p,8.05,p,g,n,f,e,,w,8.73,16.01,,y,w,u,w,t,p,,d,a
p,6.43,p,g,n,f,e,,w,7.83,16.22,,y,w,u,w,t,p,,d,u
p,6.99,x,g,n,f,e,,w,6.51,13.6,,y,w,u,w,t,p,,d,u
p,6.66,p,g,n,f,e,,w,7.39,15.45,,y,w,u,w,t,p,,d,u
p,7.37,p,g,n,f,e,,w,7.45,14.17,,y,w,u,w,t,p,,d,u
p,6.46,p,g,n,f,e,,w,7.74,14.7,,y,w,u,w,t,p,,d,u
p,6.68,x,g,n,f,e,,w,7.16,14.87,,y,w,u,w,t,p,,d,a
p,6.15,p,g,n,f,e,,w,7.16,13.02,,y,w,u,w,t,p,,d,a
p,8.8,p,g,n,f,e,,w,8.72,18.11,,y,w,u,w,t,p,,d,u
p,7.8,p,g,n,f,e,,w,8.92,15.9,,y,w,u,w,t,p,,d,u
p,7.51,x,g,n,f,e,,w,8.49,17.11,,y,w,u,w,t,p,,d,u
p,6.4,p,g,n,f,e,,w,8.37,15.59,,y,w,u,w,t,p,,d,a
p,7.64,x,g,n,f,e,,w,7.64,14.7,,y,w,u,w,t,p,,d,a
p,6.69,x,g,n,f,e,,w,8.2,14.05,,y,w,u,w,t,p,,d,u
p,8.64,x,g,n,f,e,,w,8.11,15.81,,y,w,u,w,t,p,,d,u
p,6.74,p,g,n,f,e,,w,7.94,16.26,,y,w,u,w,t,p,,d,u
p,6.23,p,g,n,f,e,,w,6.69,13.28,,y,w,u,w,t,p,,d,a
p,6.38,x,g,n,f,e,,w,7.89,11.89,,y,w,u,w,t,p,,d,a
p,8.36,x,g,n,f,e,,w,8.13,14.06,,y,w,u,w,t,p,,d,a
p,7.99,p,g,n,f,e,,w,8.57,15.44,,y,w,u,w,t,p,,d,a
p,8.28,x,g,n,f,e,,w,9.79,18.79,,y,w,u,w,t,p,,d,u
p,7.98,x,g,n,f,e,,w,7.95,14.5,,y,w,u,w,t,p,,d,u
p,6.14,x,g,n,f,e,,w,7.2,13.51,,y,w,u,w,t,p,,d,a
p,7.02,x,g,n,f,e,,w,8.27,15.39,,y,w,u,w,t,p,,d,u
p,7.66,p,g,n,f,e,,w,7.08,14.4,,y,w,u,w,t,p,,d,a
p,6.91,x,g,n,f,e,,w,7.15,11.66,,y,w,u,w,t,p,,d,u
p,8.63,x,g,n,f,e,,w,8.34,16.12,,y,w,u,w,t,p,,d,a
p,7.96,x,g,n,f,e,,w,8.64,15.03,,y,w,u,w,t,p,,d,a
p,7.75,x,g,n,f,e,,w,8.15,16.26,,y,w,u,w,t,p,,d,u
p,9.14,x,g,n,f,e,,w,9.43,17.31,,y,w,u,w,t,p,,d,a
p,6.21,p,g,n,f,e,,w,7.33,14.8,,y,w,u,w,t,p,,d,u
p,7.85,p,g,n,f,e,,w,8.69,16.55,,y,w,u,w,t,p,,d,u
p,7.52,x,g,n,f,e,,w,8.09,15.99,,y,w,u,w,t,p,,d,a
p,8.29,p,g,n,f,e,,w,8.36,16.11,,y,w,u,w,t,p,,d,a
p,7.33,p,g,n,f,e,,w,8.65,15.49,,y,w,u,w,t,p,,d,a
p,7.43,p,g,n,f,e,,w,7.39,12.12,,y,w,u,w,t,p,,d,u
p,8.26,x,g,n,f,e,,w,7.98,13.82,,y,w,u,w,t,p,,d,u
p,8.46,x,g,n,f,e,,w,8.14,14.63,,y,w,u,w,t,p,,d,u
p,8.33,x,g,n,f,e,,w,7.98,13.95,,y,w,u,w,t,p,,d,a
p,7.07,p,g,n,f,e,,w,7.16,13.24,,y,w,u,w,t,p,,d,a
p,8.41,p,g,n,f,e,,w,8.0,15.8,,y,w,u,w,t,p,,d,u
p,6.6,p,g,n,f,e,,w,8.2,13.7,,y,w,u,w,t,p,,d,u
p,7.93,x,g,n,f,e,,w,7.51,15.27,,y,w,u,w,t,p,,d,u
p,7.85,p,g,n,f,e,,w,7.0,12.25,,y,w,u,w,t,p,,d,a
p,6.32,p,g,n,f,e,,w,7.46,13.16,,y,w,u,w,t,p,,d,a
p,7.51,x,g,n,f,e,,w,8.04,14.59,,y,w,u,w,t,p,,d,u
p,6.97,p,g,n,f,e,,w,8.01,15.94,,y,w,u,w,t,p,,d,u
p,7.1,p,g,n,f,e,,w,7.75,16.06,,y,w,u,w,t,p,,d,u
p,8.43,x,g,n,f,e,,w,9.37,18.78,,y,w,u,w,t,p,,d,u
p,6.15,x,g,n,f,e,,w,7.57,13.47,,y,w,u,w,t,p,,d,a
p,9.98,p,g,n,f,e,,w,9.53,18.08,,y,w,u,w,t,p,,d,a
p,7.48,p,g,n,f,e,,w,8.69,16.76,,y,w,u,w,t,p,,d,u
p,7.93,p,g,n,f,e,,w,8.71,16.14,,y,w,u,w,t,p,,d,a
p,5.6,x,g,n,f,e,,w,7.02,13.74,,y,w,u,w,t,p,,d,u
p,7.11,p,g,n,f,e,,w,7.91,12.46,,y,w,u,w,t,p,,d,u
p,8.66,p,g,n,f,e,,w,7.74,14.41,,y,w,u,w,t,p,,d,u
p,8.08,p,g,n,f,e,,w,7.99,14.06,,y,w,u,w,t,p,,d,u
p,7.76,p,g,n,f,e,,w,8.13,14.7,,y,w,u,w,t,p,,d,a
p,6.41,p,g,n,f,e,,w,6.86,11.78,,y,w,u,w,t,p,,d,u
p,8.46,x,g,n,f,e,,w,8.85,17.91,,y,w,u,w,t,p,,d,u
p,7.39,p,g,n,f,e,,w,7.83,17.28,,y,w,u,w,t,p,,d,u
p,7.47,p,g,n,f,e,,w,7.56,13.92,,y,w,u,w,t,p,,d,a
p,7.62,p,g,n,f,e,,w,8.99,17.99,,y,w,u,w,t,p,,d,u
p,9.23,x,g,n,f,e,,w,8.5,16.49,,y,w,u,w,t,p,,d,u
p,8.12,x,g,n,f,e,,w,8.6,17.14,,y,w,u,w,t,p,,d,a
p,7.9,p,g,n,f,e,,w,7.5,16.17,,y,w,u,w,t,p,,d,a
p,8.36,x,g,n,f,e,,w,9.84,19.31,,y,w,u,w,t,p,,d,u
p,6.64,p,g,n,f,e,,w,7.32,13.49,,y,w,u,w,t,p,,d,u
p,7.57,x,g,n,f,e,,w,6.48,11.16,,y,w,u,w,t,p,,d,u
p,11.82,f,,g,f,e,,w,11.38,16.27,,,w,u,w,t,e,,d,a
p,11.96,f,,g,f,e,,w,10.95,14.16,,,w,u,w,t,g,,d,a
p,10.47,x,,g,f,e,,w,10.81,15.5,,,w,u,w,t,g,,d,a
p,11.94,x,,g,f,e,,w,10.62,12.62,,,w,u,w,t,g,,d,u
p,13.15,f,,g,f,e,,w,11.3,16.25,,,w,u,w,t,g,,d,a
p,11.99,x,,g,f,e,,w,11.2,14.27,,,w,u,w,t,e,,d,a
p,11.44,x,,n,f,e,,w,10.86,14.21,,,w,u,w,t,e,,d,u
p,11.84,x,,n,f,e,,w,10.85,14.53,,,w,u,w,t,e,,d,u
p,12.26,f,,n,f,e,,w,11.3,16.66,,,w,u,w,t,e,,d,a
p,13.34,f,,n,f,e,,w,11.41,16.86,,,w,u,w,t,g,,d,u
p,12.42,x,,n,f,e,,w,10.87,14.62,,,w,u,w,t,g,,d,a
p,12.48,x,,g,f,e,,w,11.33,15.2,,,w,u,w,t,g,,d,u
p,12.68,x,,g,f,e,,w,11.16,16.42,,,w,u,w,t,g,,d,u
p,13.92,x,,g,f,e,,w,11.11,16.89,,,w,u,w,t,e,,d,a
p,12.37,x,,g,f,e,,w,11.17,16.87,,,w,u,w,t,g,,d,u
p,13.21,f,,g,f,e,,w,11.37,17.88,,,w,u,w,t,e,,d,u
p,11.17,f,,n,f,e,,w,10.98,14.33,,,w,u,w,t,g,,d,u
p,11.71,x,,n,f,e,,w,10.43,11.23,,,w,u,w,t,g,,d,u
p,12.69,x,,n,f,e,,w,11.0,15.32,,,w,u,w,t,g,,d,a
p,13.31,f,,g,f,e,,w,11.22,14.56,,,w,u,w,t,e,,d,u
p,11.78,f,,g,f,e,,w,10.89,16.02,,,w,u,w,t,g,,d,a
p,12.74,x,,g,f,e,,w,11.16,15.27,,,w,u,w,t,g,,d,a
p,11.6,f,,g,f,e,,w,10.94,12.5,,,w,u,w,t,g,,d,u
p,12.27,x,,g,f,e,,w,11.2,13.53,,,w,u,w,t,e,,d,u
p,11.49,x,,n,f,e,,w,10.93,13.87,,,w,u,w,t,e,,d,a
p,13.31,f,,g,f,e,,w,11.13,14.75,,,w,u,w,t,g,,d,a
p,12.32,x,,n,f,e,,w,10.96,13.98,,,w,u,w,t,g,,d,u
p,11.23,x,,g,f,e,,w,10.4,13.71,,,w,u,w,t,g,,d,a
p,13.02,f,,n,f,e,,w,11.12,13.55,,,w,u,w,t,g,,d,u
p,12.33,x,,g,f,e,,w,11.29,16.58,,,w,u,w,t,g,,d,u
p,13.21,x,,n,f,e,,w,10.96,16.36,,,w,u,w,t,g,,d,a
p,12.48,f,,g,f,e,,w,11.04,17.03,,,w,u,w,t,e,,d,a
p,12.62,x,,n,f,e,,w,11.03,14.16,,,w,u,w,t,g,,d,a
p,12.59,f,,g,f,e,,w,11.31,16.73,,,w,u,w,t,g,,d,u
p,12.32,f,,g,f,e,,w,11.1,15.04,,,w,u,w,t,g,,d,a
p,12.79,f,,n,f,e,,w,10.46,14.5,,,w,u,w,t,g,,d,u
p,13.55,f,,g,f,e,,w,10.8,15.62,,,w,u,w,t,e,,d,u
p,12.5,x,,g,f,e,,w,11.06,12.09,,,w,u,w,t,e,,d,u
p,12.16,f,,n,f,e,,w,11.03,15.01,,,w,u,w,t,e,,d,a
p,13.57,f,,g,f,e,,w,11.41,15.76,,,w,u,w,t,g,,d,u
p,12.43,x,,g,f,e,,w,11.13,15.59,,,w,u,w,t,e,,d,a
p,12.44,f,,n,f,e,,w,10.85,14.31,,,w,u,w,t,e,,d,a
p,11.39,x,,n,f,e,,w,11.31,13.1,,,w,u,w,t,e,,d,a
p,13.9,f,,g,f,e,,w,11.43,18.35,,,w,u,w,t,g,,d,a
p,12.75,x,,g,f,e,,w,10.33,10.91,,,w,u,w,t,e,,d,u
p,13.05,x,,n,f,e,,w,10.87,15.08,,,w,u,w,t,g,,d,u
p,12.13,x,,g,f,e,,w,10.68,14.4,,,w,u,w,t,g,,d,u
p,11.09,f,,g,f,e,,w,10.27,12.11,,,w,u,w,t,g,,d,u
p,12.02,x,,n,f,e,,w,11.19,13.2,,,w,u,w,t,g,,d,a
p,10.76,x,,g,f,e,,w,11.03,12.81,,,w,u,w,t,e,,d,a
p,12.14,x,,n,f,e,,w,11.07,13.65,,,w,u,w,t,e,,d,u
p,12.56,x,,g,f,e,,w,10.73,14.98,,,w,u,w,t,e,,d,u
p,12.23,f,,n,f,e,,w,11.28,12.73,,,w,u,w,t,g,,d,u
p,12.32,f,,n,f,e,,w,10.66,12.57,,,w,u,w,t,g,,d,a
p,12.72,f,,n,f,e,,w,11.56,17.54,,,w,u,w,t,g,,d,u
p,11.61,f,,n,f,e,,w,10.94,14.61,,,w,u,w,t,g,,d,u
p,13.13,x,,n,f,e,,w,10.89,16.43,,,w,u,w,t,e,,d,a
p,12.96,f,,g,f,e,,w,10.91,15.36,,,w,u,w,t,e,,d,a
p,11.93,f,,n,f,e,,w,10.86,16.08,,,w,u,w,t,e,,d,u
p,11.41,f,,n,f,e,,w,10.86,13.34,,,w,u,w,t,e,,d,a
p,11.06,x,,g,f,e,,w,10.14,14.78,,,w,u,w,t,g,,d,a
p,10.88,x,,n,f,e,,w,10.78,12.34,,,w,u,w,t,g,,d,a
p,11.19,x,,g,f,e,,w,10.2,11.89,,,w,u,w,t,g,,d,a
p,12.38,f,,g,f,e,,w,10.93,14.94,,,w,u,w,t,e,,d,a
p,12.28,x,,n,f,e,,w,11.03,17.25,,,w,u,w,t,e,,d,a
p,12.96,x,,g,f,e,,w,11.46,17.35,,,w,u,w,t,e,,d,a
p,13.22,x,,g,f,e,,w,11.53,16.0,,,w,u,w,t,g,,d,u
p,13.46,f,,g,f,e,,w,10.91,17.07,,,w,u,w,t,e,,d,a
p,13.17,f,,g,f,e,,w,11.03,15.58,,,w,u,w,t,g,,d,a
p,12.41,f,,g,f,e,,w,11.26,16.57,,,w,u,w,t,e,,d,a
p,12.1,x,,g,f,e,,w,10.49,14.84,,,w,u,w,t,g,,d,u
p,10.3,f,,g,f,e,,w,10.77,13.89,,,w,u,w,t,e,,d,a
p,12.17,f,,n,f,e,,w,11.16,15.44,,,w,u,w,t,e,,d,a
p,12.72,f,,n,f,e,,w,10.87,16.28,,,w,u,w,t,e,,d,u
p,13.51,x,,g,f,e,,w,11.29,15.67,,,w,u,w,t,g,,d,a
p,11.29,x,,n,f,e,,w,10.7,13.66,,,w,u,w,t,g,,d,u
p,12.4,f,,g,f,e,,w,11.14,15.52,,,w,u,w,t,g,,d,a
p,14.55,x,,g,f,e,,w,11.32,16.34,,,w,u,w,t,g,,d,u
p,12.41,x,,n,f,e,,w,11.0,12.57,,,w,u,w,t,e,,d,a
p,12.22,x,,n,f,e,,w,10.8,14.88,,,w,u,w,t,e,,d,a
p,13.14,x,,g,f,e,,w,10.6,14.12,,,w,u,w,t,e,,d,a
p,12.25,x,,g,f,e,,w,10.79,15.06,,,w,u,w,t,e,,d,a
p,12.54,x,,n,f,e,,w,11.19,13.84,,,w,u,w,t,e,,d,a
p,12.3,f,,n,f,e,,w,11.11,14.23,,,w,u,w,t,e,,d,a
p,11.87,x,,g,f,e,,w,11.32,16.4,,,w,u,w,t,g,,d,u
p,13.61,x,,n,f,e,,w,10.98,17.35,,,w,u,w,t,g,,d,a
p,11.14,x,,n,f,e,,w,10.54,11.28,,,w,u,w,t,e,,d,a
p,12.23,f,,g,f,e,,w,11.6,15.02,,,w,u,w,t,g,,d,a
p,13.24,f,,g,f,e,,w,11.22,16.26,,,w,u,w,t,g,,d,u
p,13.26,f,,g,f,e,,w,11.18,17.57,,,w,u,w,t,g,,d,a
p,11.91,f,,g,f,e,,w,10.89,15.15,,,w,u,w,t,g,,d,u
p,13.65,x,,n,f,e,,w,11.38,16.39,,,w,u,w,t,e,,d,u
p,12.25,f,,n,f,e,,w,10.64,13.56,,,w,u,w,t,e,,d,u
p,12.42,x,,g,f,e,,w,10.66,12.68,,,w,u,w,t,e,,d,u
p,12.06,x,,n,f,e,,w,10.92,13.86,,,w,u,w,t,g,,d,u
p,12.61,x,,g,f,e,,w,11.0,14.48,,,w,u,w,t,e,,d,u
p,12.7,x,,g,f,e,,w,11.26,14.18,,,w,u,w,t,e,,d,u
p,13.5,f,,n,f,e,,w,10.78,14.5,,,w,u,w,t,e,,d,a
p,11.8,x,,g,f,e,,w,10.84,12.78,,,w,u,w,t,e,,d,a
p,12.68,f,,n,f,e,,w,10.52,12.99,,,w,u,w,t,g,,d,u
p,14.02,f,,n,f,e,,w,11.2,18.4,,,w,u,w,t,e,,d,a
p,11.35,x,,g,f,e,,w,10.58,12.9,,,w,u,w,t,e,,d,u
p,12.08,f,,n,f,e,,w,11.13,16.07,,,w,u,w,t,e,,d,u
p,13.61,x,,n,f,e,,w,11.36,15.55,,,w,u,w,t,g,,d,a
p,11.86,x,,n,f,e,,w,11.19,16.36,,,w,u,w,t,g,,d,u
p,12.38,f,,g,f,e,,w,10.62,13.94,,,w,u,w,t,e,,d,a
p,13.05,f,,n,f,e,,w,11.18,15.9,,,w,u,w,t,e,,d,u
p,12.07,f,,n,f,e,,w,10.93,16.77,,,w,u,w,t,g,,d,a
p,14.08,x,,g,f,e,,w,11.47,17.71,,,w,u,w,t,g,,d,u
p,12.49,x,,n,f,e,,w,11.21,17.02,,,w,u,w,t,g,,d,a
p,13.39,f,,g,f,e,,w,11.05,13.48,,,w,u,w,t,e,,d,u
p,12.35,f,,g,f,e,,w,10.61,13.66,,,w,u,w,t,e,,d,u
p,12.44,f,,n,f,e,,w,11.39,15.42,,,w,u,w,t,e,,d,u
p,12.95,f,,g,f,e,,w,11.8,17.32,,,w,u,w,t,g,,d,a
p,11.9,x,,n,f,e,,w,11.03,16.51,,,w,u,w,t,g,,d,a
p,13.7,f,,g,f,e,,w,11.2,16.78,,,w,u,w,t,g,,d,u
p,13.92,x,,g,f,e,,w,11.5,19.34,,,w,u,w,t,g,,d,a
p,13.35,x,,g,f,e,,w,11.05,15.73,,,w,u,w,t,e,,d,a
p,11.12,f,,n,f,e,,w,11.23,16.45,,,w,u,w,t,e,,d,u
p,13.17,x,,g,f,e,,w,11.22,15.94,,,w,u,w,t,g,,d,a
p,11.21,f,,g,f,e,,w,10.92,13.41,,,w,u,w,t,g,,d,u
p,13.78,x,,g,f,e,,w,11.2,16.97,,,w,u,w,t,e,,d,u
p,11.95,x,,n,f,e,,w,10.48,12.22,,,w,u,w,t,g,,d,a
p,12.24,f,,n,f,e,,w,11.12,14.93,,,w,u,w,t,e,,d,u
p,12.02,f,,g,f,e,,w,10.38,12.45,,,w,u,w,t,g,,d,u
p,12.39,f,,n,f,e,,w,11.0,14.51,,,w,u,w,t,e,,d,a
p,13.25,f,,g,f,e,,w,11.22,13.44,,,w,u,w,t,e,,d,a
p,11.35,f,,g,f,e,,w,10.49,10.58,,,w,u,w,t,g,,d,u
p,11.73,f,,n,f,e,,w,10.51,12.96,,,w,u,w,t,g,,d,u
p,12.89,f,,g,f,e,,w,11.34,15.75,,,w,u,w,t,e,,d,a
p,11.67,f,,g,f,e,,w,10.79,12.53,,,w,u,w,t,e,,d,a
p,13.72,f,,n,f,e,,w,11.53,17.84,,,w,u,w,t,g,,d,u
p,14.1,x,,n,f,e,,w,11.6,17.23,,,w,u,w,t,g,,d,u
p,13.04,x,,g,f,e,,w,11.15,14.54,,,w,u,w,t,g,,d,a
p,11.88,x,,g,f,e,,w,10.91,14.99,,,w,u,w,t,e,,d,a
p,12.04,f,,g,f,e,,w,11.24,17.14,,,w,u,w,t,e,,d,u
p,12.33,f,,n,f,e,,w,11.29,16.69,,,w,u,w,t,g,,d,u
p,12.87,f,,n,f,e,,w,10.89,12.28,,,w,u,w,t,e,,d,a
p,12.61,f,,g,f,e,,w,11.06,15.56,,,w,u,w,t,e,,d,u
p,10.72,f,,g,f,e,,w,10.72,13.75,,,w,u,w,t,g,,d,u
p,12.61,x,,g,f,e,,w,11.17,16.18,,,w,u,w,t,g,,d,a
p,12.21,f,,g,f,e,,w,10.73,15.58,,,w,u,w,t,e,,d,u
p,11.9,x,,n,f,e,,w,10.9,14.81,,,w,u,w,t,g,,d,a
p,13.0,x,,n,f,e,,w,10.83,14.03,,,w,u,w,t,e,,d,a
p,12.92,x,,g,f,e,,w,11.21,14.42,,,w,u,w,t,e,,d,u
p,11.1,x,,g,f,e,,w,10.84,12.91,,,w,u,w,t,g,,d,u
p,12.98,x,,n,f,e,,w,12.07,14.18,,,w,u,w,t,g,,d,u
p,11.26,f,,g,f,e,,w,10.49,11.62,,,w,u,w,t,g,,d,a
p,13.35,x,,n,f,e,,w,10.67,14.13,,,w,u,w,t,e,,d,a
p,10.59,x,,g,f,e,,w,10.7,9.92,,,w,u,w,t,g,,d,u
p,12.95,f,,n,f,e,,w,10.92,14.22,,,w,u,w,t,g,,d,u
p,12.83,f,,g,f,e,,w,11.55,15.62,,,w,u,w,t,e,,d,a
p,12.69,f,,g,f,e,,w,10.96,16.76,,,w,u,w,t,e,,d,u
p,12.52,f,,n,f,e,,w,11.06,14.94,,,w,u,w,t,g,,d,u
p,12.28,f,,n,f,e,,w,10.79,13.3,,,w,u,w,t,g,,d,u
p,12.56,x,,g,f,e,,w,11.12,14.45,,,w,u,w,t,g,,d,a
p,13.32,x,,n,f,e,,w,10.95,16.13,,,w,u,w,t,g,,d,a
p,13.68,f,,n,f,e,,w,11.27,16.52,,,w,u,w,t,g,,d,a
p,13.73,x,,n,f,e,,w,11.47,17.54,,,w,u,w,t,e,,d,a
p,12.27,x,,n,f,e,,w,10.75,15.46,,,w,u,w,t,g,,d,a
p,12.0,f,,g,f,e,,w,10.76,13.78,,,w,u,w,t,g,,d,a
p,11.91,x,,n,f,e,,w,11.11,15.2,,,w,u,w,t,g,,d,u
p,13.91,x,,n,f,e,,w,11.05,13.91,,,w,u,w,t,e,,d,u
p,12.57,x,,g,f,e,,w,10.84,14.38,,,w,u,w,t,g,,d,a
p,11.64,x,,n,f,e,,w,11.06,15.21,,,w,u,w,t,g,,d,a
p,13.03,f,,n,f,e,,w,10.32,11.8,,,w,u,w,t,g,,d,a
p,11.0,x,,g,f,e,,w,11.1,14.55,,,w,u,w,t,e,,d,u
p,11.37,f,,n,f,e,,w,10.87,14.72,,,w,u,w,t,e,,d,a
p,12.66,x,,n,f,e,,w,10.76,13.63,,,w,u,w,t,g,,d,a
p,10.89,f,,n,f,e,,w,10.51,12.75,,,w,u,w,t,e,,d,a
p,12.38,f,,g,f,e,,w,10.92,15.66,,,w,u,w,t,g,,d,a
p,12.32,f,,n,f,e,,w,11.4,15.27,,,w,u,w,t,g,,d,u
p,12.03,x,,g,f,e,,w,10.73,11.43,,,w,u,w,t,e,,d,a
p,12.79,x,,n,f,e,,w,10.99,15.32,,,w,u,w,t,g,,d,a
p,11.88,x,,g,f,e,,w,10.59,12.35,,,w,u,w,t,g,,d,u
p,13.57,f,,n,f,e,,w,10.76,15.08,,,w,u,w,t,g,,d,a
p,11.51,x,,g,f,e,,w,10.86,13.57,,,w,u,w,t,e,,d,u
p,11.85,f,,n,f,e,,w,11.23,15.19,,,w,u,w,t,e,,d,a
p,11.68,f,,n,f,e,,w,10.74,12.42,,,w,u,w,t,g,,d,u
p,12.05,x,,g,f,e,,w,10.87,14.94,,,w,u,w,t,g,,d,u
p,12.83,f,,g,f,e,,w,10.73,14.75,,,w,u,w,t,e,,d,u
p,12.76,x,,n,f,e,,w,10.64,12.26,,,w,u,w,t,e,,d,a
p,13.47,f,,n,f,e,,w,11.24,14.16,,,w,u,w,t,e,,d,a
p,12.24,x,,n,f,e,,w,11.14,15.31,,,w,u,w,t,e,,d,a
p,12.4,f,,n,f,e,,w,10.52,12.06,,,w,u,w,t,g,,d,a
p,13.37,x,,n,f,e,,w,11.19,15.4,,,w,u,w,t,e,,d,u
p,12.5,f,,g,f,e,,w,10.98,15.14,,,w,u,w,t,g,,d,u
p,12.88,f,,g,f,e,,w,11.06,14.74,,,w,u,w,t,g,,d,a
p,10.8,f,,n,f,e,,w,10.51,12.34,,,w,u,w,t,g,,d,a
p,13.17,f,,g,f,e,,w,11.27,16.99,,,w,u,w,t,e,,d,u
p,13.76,x,,n,f,e,,w,11.26,14.75,,,w,u,w,t,e,,d,a
p,12.29,f,,g,f,e,,w,11.22,15.97,,,w,u,w,t,e,,d,u
p,12.25,f,,n,f,e,,w,11.3,15.17,,,w,u,w,t,e,,d,a
p,13.41,x,,g,f,e,,w,11.28,15.85,,,w,u,w,t,g,,d,a
p,12.98,x,,g,f,e,,w,10.89,16.71,,,w,u,w,t,g,,d,u
p,11.92,f,,n,f,e,,w,10.38,12.29,,,w,u,w,t,e,,d,a
p,13.26,x,,n,f,e,,w,10.84,16.54,,,w,u,w,t,e,,d,a
p,13.5,f,,n,f,e,,w,11.51,16.84,,,w,u,w,t,e,,d,u
p,12.54,x,,n,f,e,,w,11.14,16.9,,,w,u,w,t,g,,d,u
p,12.99,f,,n,f,e,,w,11.27,13.68,,,w,u,w,t,e,,d,a
p,13.55,f,,g,f,e,,w,11.09,15.25,,,w,u,w,t,e,,d,u
p,12.52,f,,n,f,e,,w,11.33,14.89,,,w,u,w,t,e,,d,a
p,11.97,f,,n,f,e,,w,10.87,15.37,,,w,u,w,t,e,,d,u
p,11.24,f,,g,f,e,,w,10.09,11.19,,,w,u,w,t,e,,d,a
p,13.55,x,,g,f,e,,w,10.93,14.4,,,w,u,w,t,g,,d,a
p,11.07,x,,g,f,e,,w,10.36,11.95,,,w,u,w,t,e,,d,u
p,11.65,f,,g,f,e,,w,10.92,14.43,,,w,u,w,t,g,,d,u
p,12.71,f,,n,f,e,,w,11.05,15.07,,,w,u,w,t,e,,d,u
p,13.4,f,,g,f,e,,w,11.18,16.97,,,w,u,w,t,g,,d,a
p,13.54,x,,g,f,e,,w,10.97,16.48,,,w,u,w,t,e,,d,a
p,12.02,x,,n,f,e,,w,10.65,13.96,,,w,u,w,t,g,,d,u
p,11.89,x,,g,f,e,,w,10.67,12.12,,,w,u,w,t,e,,d,a
p,13.55,f,,g,f,e,,w,11.2,15.08,,,w,u,w,t,e,,d,u
p,13.55,x,,n,f,e,,w,11.56,16.3,,,w,u,w,t,e,,d,u
p,11.79,x,,n,f,e,,w,10.51,14.33,,,w,u,w,t,g,,d,u
p,11.88,x,,g,f,e,,w,10.52,12.63,,,w,u,w,t,e,,d,a
p,13.35,x,,g,f,e,,w,11.04,14.56,,,w,u,w,t,e,,d,u
p,12.53,x,,n,f,e,,w,10.48,14.84,,,w,u,w,t,e,,d,a
p,10.43,x,,g,f,e,,w,10.61,12.51,,,w,u,w,t,e,,d,u
p,11.98,x,,n,f,e,,w,11.27,16.51,,,w,u,w,t,g,,d,a
p,13.16,x,,n,f,e,,w,11.11,16.04,,,w,u,w,t,g,,d,u
p,12.64,f,,g,f,e,,w,11.17,15.96,,,w,u,w,t,e,,d,a
p,10.79,f,,g,f,e,,w,10.56,12.14,,,w,u,w,t,g,,d,u
p,13.1,x,,n,f,e,,w,11.35,14.27,,,w,u,w,t,e,,d,u
p,11.0,f,,g,f,e,,w,11.03,15.65,,,w,u,w,t,g,,d,u
p,13.2,x,,n,f,e,,w,10.85,13.56,,,w,u,w,t,g,,d,a
p,12.72,x,,g,f,e,,w,10.74,14.21,,,w,u,w,t,e,,d,a
p,12.31,x,,n,f,e,,w,10.55,12.86,,,w,u,w,t,g,,d,a
p,13.26,f,,g,f,e,,w,11.42,17.29,,,w,u,w,t,e,,d,a
p,13.14,f,,n,f,e,,w,11.52,15.34,,,w,u,w,t,g,,d,u
p,11.96,x,,n,f,e,,w,10.52,14.07,,,w,u,w,t,e,,d,u
p,12.4,f,,n,f,e,,w,10.87,13.27,,,w,u,w,t,g,,d,a
p,11.38,f,,g,f,e,,w,10.82,14.94,,,w,u,w,t,g,,d,a
p,11.34,f,,g,f,e,,w,11.33,14.34,,,w,u,w,t,g,,d,u
p,13.79,x,,g,f,e,,w,11.66,15.83,,,w,u,w,t,g,,d,a
p,12.86,f,,g,f,e,,w,10.76,14.26,,,w,u,w,t,g,,d,a
p,11.9,x,,n,f,e,,w,10.86,15.9,,,w,u,w,t,e,,d,u
p,12.98,f,,g,f,e,,w,11.0,14.33,,,w,u,w,t,g,,d,u
p,12.68,f,,n,f,e,,w,11.46,16.85,,,w,u,w,t,e,,d,a
p,11.91,x,,n,f,e,,w,10.41,12.32,,,w,u,w,t,e,,d,a
p,11.83,f,,g,f,e,,w,10.8,14.34,,,w,u,w,t,g,,d,a
p,12.09,f,,g,f,e,,w,10.74,14.04,,,w,u,w,t,e,,d,a
p,11.99,x,,g,f,e,,w,11.53,14.97,,,w,u,w,t,g,,d,a
p,12.21,x,,n,f,e,,w,11.22,16.79,,,w,u,w,t,e,,d,u
p,12.14,f,,n,f,e,,w,11.39,15.7,,,w,u,w,t,g,,d,u
p,12.0,f,,n,f,e,,w,10.9,14.95,,,w,u,w,t,e,,d,u
p,12.7,f,,g,f,e,,w,10.73,13.92,,,w,u,w,t,e,,d,a
p,12.12,f,,n,f,e,,w,10.59,12.52,,,w,u,w,t,g,,d,u
p,12.2,f,,g,f,e,,w,11.2,14.38,,,w,u,w,t,g,,d,a
p,13.19,x,,n,f,e,,w,10.94,14.8,,,w,u,w,t,g,,d,a
p,13.52,x,,g,f,e,,w,10.82,16.87,,,w,u,w,t,g,,d,a
p,12.67,f,,g,f,e,,w,11.4,15.51,,,w,u,w,t,g,,d,u
p,11.32,x,,n,f,e,,w,10.59,12.12,,,w,u,w,t,e,,d,a
p,12.83,x,,n,f,e,,w,11.25,14.62,,,w,u,w,t,g,,d,u
p,13.14,f,,n,f,e,,w,10.94,14.47,,,w,u,w,t,g,,d,a
p,12.27,x,,g,f,e,,w,11.15,13.85,,,w,u,w,t,g,,d,u
p,13.01,f,,n,f,e,,w,10.88,14.69,,,w,u,w,t,g,,d,u
p,12.03,f,,g,f,e,,w,10.92,14.8,,,w,u,w,t,g,,d,a
p,12.98,f,,g,f,e,,w,10.94,15.94,,,w,u,w,t,g,,d,u
p,13.71,f,,n,f,e,,w,11.15,16.6,,,w,u,w,t,g,,d,u
p,13.42,f,,g,f,e,,w,11.23,16.33,,,w,u,w,t,e,,d,a
p,12.62,f,,n,f,e,,w,10.57,14.23,,,w,u,w,t,g,,d,a
p,11.09,f,,n,f,e,,w,10.52,11.78,,,w,u,w,t,g,,d,a
p,13.12,f,,n,f,e,,w,10.7,15.57,,,w,u,w,t,e,,d,a
p,13.0,f,,g,f,e,,w,11.1,11.85,,,w,u,w,t,e,,d,a
p,11.92,x,,n,f,e,,w,10.62,13.53,,,w,u,w,t,e,,d,a
p,13.93,x,,g,f,e,,w,11.81,17.57,,,w,u,w,t,e,,d,u
p,11.68,x,,n,f,e,,w,10.62,12.79,,,w,u,w,t,g,,d,a
p,13.12,f,,g,f,e,,w,11.37,18.31,,,w,u,w,t,g,,d,u
p,12.07,f,,g,f,e,,w,10.74,12.04,,,w,u,w,t,e,,d,u
p,11.32,f,,g,f,e,,w,11.31,13.96,,,w,u,w,t,g,,d,u
p,12.06,f,,g,f,e,,w,10.07,14.91,,,w,u,w,t,e,,d,a
p,12.42,x,,n,f,e,,w,10.94,13.1,,,w,u,w,t,g,,d,u
p,12.3,x,,n,f,e,,w,10.54,11.64,,,w,u,w,t,g,,d,a
p,13.17,x,,n,f,e,,w,11.22,17.16,,,w,u,w,t,e,,d,a
p,11.4,x,,n,f,e,,w,10.44,14.84,,,w,u,w,t,e,,d,u
p,12.51,f,,g,f,e,,w,11.13,15.42,,,w,u,w,t,g,,d,u
p,10.39,x,,n,f,e,,w,10.53,14.51,,,w,u,w,t,e,,d,u
p,12.05,x,,g,f,e,,w,11.16,15.77,,,w,u,w,t,g,,d,a
p,12.02,f,,g,f,e,,w,10.84,14.33,,,w,u,w,t,g,,d,a
p,10.5,x,,g,f,e,,w,10.57,12.26,,,w,u,w,t,g,,d,u
p,13.07,f,,g,f,e,,w,10.91,15.16,,,w,u,w,t,e,,d,a
p,11.88,x,,g,f,e,,w,10.73,14.33,,,w,u,w,t,e,,d,a
p,11.47,x,,n,f,e,,w,11.05,14.48,,,w,u,w,t,g,,d,a
p,11.76,f,,n,f,e,,w,11.29,14.39,,,w,u,w,t,e,,d,u
p,11.85,f,,n,f,e,,w,10.62,13.74,,,w,u,w,t,g,,d,u
p,12.39,x,,g,f,e,,w,10.86,14.34,,,w,u,w,t,g,,d,a
p,12.84,x,,g,f,e,,w,11.02,13.64,,,w,u,w,t,g,,d,u
p,13.59,f,,g,f,e,,w,10.85,14.96,,,w,u,w,t,g,,d,a
p,13.22,f,,n,f,e,,w,11.35,17.71,,,w,u,w,t,g,,d,u
p,12.74,f,,g,f,e,,w,11.16,14.64,,,w,u,w,t,g,,d,a
p,13.59,x,,n,f,e,,w,11.45,18.2,,,w,u,w,t,e,,d,u
p,10.76,x,,n,f,e,,w,10.84,14.69,,,w,u,w,t,e,,d,a
p,13.4,f,,g,f,e,,w,10.85,15.4,,,w,u,w,t,g,,d,u
p,12.32,f,,g,f,e,,w,11.31,14.92,,,w,u,w,t,e,,d,u
p,13.3,f,,n,f,e,,w,10.92,14.55,,,w,u,w,t,g,,d,u
p,11.77,f,,g,f,e,,w,10.91,14.76,,,w,u,w,t,g,,d,a
p,11.27,f,,g,f,e,,w,10.59,15.02,,,w,u,w,t,e,,d,a
p,12.12,f,,g,f,e,,w,10.98,15.37,,,w,u,w,t,g,,d,a
p,13.1,x,,g,f,e,,w,11.58,16.38,,,w,u,w,t,e,,d,a
p,13.09,x,,g,f,e,,w,11.08,16.48,,,w,u,w,t,g,,d,a
p,10.96,f,,g,f,e,,w,11.09,14.59,,,w,u,w,t,g,,d,u
p,13.29,x,,g,f,e,,w,11.2,17.43,,,w,u,w,t,e,,d,u
p,11.95,x,,n,f,e,,w,10.93,13.93,,,w,u,w,t,e,,d,u
p,12.05,f,,g,f,e,,w,10.95,14.28,,,w,u,w,t,g,,d,a
p,12.79,f,,g,f,e,,w,11.0,15.78,,,w,u,w,t,e,,d,u
p,12.48,f,,g,f,e,,w,11.14,12.37,,,w,u,w,t,g,,d,u
p,11.38,x,,g,f,e,,w,10.51,15.33,,,w,u,w,t,g,,d,u
p,12.82,x,,n,f,e,,w,11.11,14.53,,,w,u,w,t,e,,d,a
p,10.81,x,,n,f,e,,w,10.26,13.98,,,w,u,w,t,e,,d,a
p,12.54,f,,g,f,e,,w,11.23,15.14,,,w,u,w,t,g,,d,a
p,11.14,f,,g,f,e,,w,10.45,13.26,,,w,u,w,t,g,,d,a
p,12.5,f,,g,f,e,,w,11.24,14.79,,,w,u,w,t,g,,d,u
p,11.37,x,,g,f,e,,w,10.3,12.61,,,w,u,w,t,g,,d,a
p,12.33,x,,n,f,e,,w,10.71,13.09,,,w,u,w,t,g,,d,a
p,14.13,x,,g,f,e,,w,11.05,16.7,,,w,u,w,t,e,,d,a
p,12.24,f,,g,f,e,,w,11.1,17.27,,,w,u,w,t,g,,d,a
p,11.09,f,,n,f,e,,w,10.42,14.36,,,w,u,w,t,e,,d,a
p,12.62,f,,g,f,e,,w,10.58,15.25,,,w,u,w,t,e,,d,u
p,12.25,x,,g,f,e,,w,11.1,13.93,,,w,u,w,t,g,,d,u
p,13.31,x,,n,f,e,,w,11.52,18.79,,,w,u,w,t,g,,d,u
p,12.49,f,,n,f,e,,w,10.86,14.53,,,w,u,w,t,e,,d,u
p,13.61,x,,n,f,e,,w,11.63,16.37,,,w,u,w,t,g,,d,u
p,13.86,f,,n,f,e,,w,11.75,18.69,,,w,u,w,t,g,,d,u
p,12.85,f,,g,f,e,,w,11.42,16.86,,,w,u,w,t,g,,d,a
p,13.28,x,,n,f,e,,w,11.25,16.55,,,w,u,w,t,g,,d,u
p,11.72,x,,n,f,e,,w,10.6,13.66,,,w,u,w,t,g,,d,a
p,12.66,x,,n,f,e,,w,10.98,15.35,,,w,u,w,t,g,,d,u
p,12.52,f,,n,f,e,,w,11.06,14.86,,,w,u,w,t,g,,d,a
p,11.98,x,,n,f,e,,w,10.84,16.37,,,w,u,w,t,g,,d,a
p,11.73,x,,g,f,e,,w,10.68,12.29,,,w,u,w,t,e,,d,a
p,12.96,f,,g,f,e,,w,11.1,13.29,,,w,u,w,t,e,,d,u
p,13.06,f,,g,f,e,,w,10.88,13.84,,,w,u,w,t,e,,d,a
p,11.75,f,,n,f,e,,w,10.27,14.04,,,w,u,w,t,e,,d,u
p,13.26,x,,n,f,e,,w,11.23,14.24,,,w,u,w,t,e,,d,u
p,10.51,x,,g,f,e,,w,10.93,12.25,,,w,u,w,t,g,,d,a
p,12.94,x,,g,f,e,,w,10.96,13.42,,,w,u,w,t,g,,d,u
p,13.33,x,,n,f,e,,w,11.1,16.52,,,w,u,w,t,e,,d,a
p,13.46,x,,n,f,e,,w,11.23,17.42,,,w,u,w,t,e,,d,a
p,13.43,f,,n,f,e,,w,11.43,16.32,,,w,u,w,t,e,,d,u
p,13.5,x,,n,f,e,,w,11.23,13.98,,,w,u,w,t,g,,d,a
p,13.1,x,,g,f,e,,w,11.45,17.47,,,w,u,w,t,g,,d,a
p,12.0,f,,n,f,e,,w,11.3,15.8,,,w,u,w,t,g,,d,u
p,11.15,f,,g,f,e,,w,10.75,15.69,,,w,u,w,t,g,,d,u
p,11.78,x,,n,f,e,,w,10.51,14.67,,,w,u,w,t,g,,d,u
p,12.1,f,,g,f,e,,w,11.21,15.06,,,w,u,w,t,e,,d,a
p,13.6,f,,g,f,e,,w,11.53,15.9,,,w,u,w,t,e,,d,u
p,12.5,f,,n,f,e,,w,11.01,14.63,,,w,u,w,t,g,,d,a
p,11.38,x,,g,f,e,,w,11.07,13.59,,,w,u,w,t,e,,d,a
p,13.92,x,,g,f,e,,w,10.9,15.75,,,w,u,w,t,e,,d,u
p,11.26,x,,g,f,e,,w,10.72,11.31,,,w,u,w,t,g,,d,u
p,12.54,x,,n,f,e,,w,10.84,14.72,,,w,u,w,t,e,,d,a
p,10.95,f,,g,f,e,,w,10.58,13.16,,,w,u,w,t,g,,d,a
e,10.42,f,,n,t,,,w,11.5,17.75,b,,w,u,w,t,g,,d,a
e,9.59,f,,n,t,,,w,9.87,14.71,b,,w,u,w,t,g,,d,u
e,9.1,f,,n,t,,,w,11.45,20.24,b,,w,u,w,t,g,,d,a
e,8.86,x,,n,t,,,w,11.25,14.37,b,,w,u,w,t,g,,d,u
e,9.59,x,,n,t,,,w,7.82,15.06,b,,w,u,w,t,g,,d,u
e,8.4,x,,n,t,,,w,8.66,13.02,b,,w,u,w,t,g,,d,u
e,10.5,f,,n,t,,,w,13.35,20.89,b,,w,u,w,t,g,,d,u
e,7.68,f,,n,t,,,w,10.07,15.26,b,,w,u,w,t,g,,d,a
e,7.3,f,,n,t,,,w,8.97,13.82,b,,w,u,w,t,g,,d,a
e,9.03,x,,n,t,,,w,12.42,17.95,b,,w,u,w,t,g,,d,u
e,9.1,f,,n,t,,,w,11.66,17.84,b,,w,u,w,t,g,,d,a
e,8.84,x,,n,t,,,w,10.87,16.99,b,,w,u,w,t,g,,d,a
e,10.55,x,,n,t,,,w,11.81,21.48,b,,w,u,w,t,g,,d,u
e,9.4,f,,n,t,,,w,10.23,16.39,b,,w,u,w,t,g,,d,u
e,9.3,f,,n,t,,,w,10.85,16.21,b,,w,u,w,t,g,,d,u
e,10.24,x,,n,t,,,w,12.2,17.59,b,,w,u,w,t,g,,d,a
e,11.55,x,,n,t,,,w,13.03,19.21,b,,w,u,w,t,g,,d,u
e,11.31,x,,n,t,,,w,11.92,17.81,b,,w,u,w,t,g,,d,a
e,8.58,f,,n,t,,,w,9.98,12.63,b,,w,u,w,t,g,,d,u
e,7.82,f,,n,t,,,w,9.36,15.41,b,,w,u,w,t,g,,d,u
e,7.17,x,,n,t,,,w,9.04,17.24,b,,w,u,w,t,g,,d,u
e,5.49,x,,n,t,,,w,8.81,15.5,b,,w,u,w,t,g,,d,a
e,8.92,f,,n,t,,,w,10.8,14.94,b,,w,u,w,t,g,,d,a
e,10.15,x,,n,t,,,w,12.61,15.4,b,,w,u,w,t,g,,d,a
e,12.56,f,,n,t,,,w,12.19,19.44,b,,w,u,w,t,g,,d,a
e,8.12,x,,n,t,,,w,10.26,17.61,b,,w,u,w,t,g,,d,a
e,10.09,f,,n,t,,,w,12.16,15.8,b,,w,u,w,t,g,,d,u
e,9.99,x,,n,t,,,w,12.86,20.95,b,,w,u,w,t,g,,d,u
e,10.82,x,,n,t,,,w,9.99,15.64,b,,w,u,w,t,g,,d,u
e,10.96,f,,n,t,,,w,12.01,22.12,b,,w,u,w,t,g,,d,u
e,9.25,f,,n,t,,,w,11.7,17.18,b,,w,u,w,t,g,,d,u
e,10.5,x,,n,t,,,w,13.07,21.08,b,,w,u,w,t,g,,d,u
e,10.62,f,,n,t,,,w,10.12,14.59,b,,w,u,w,t,g,,d,u
e,11.53,f,,n,t,,,w,12.57,20.5,b,,w,u,w,t,g,,d,u
e,8.28,x,,n,t,,,w,12.24,20.37,b,,w,u,w,t,g,,d,u
e,9.21,x,,n,t,,,w,10.45,15.13,b,,w,u,w,t,g,,d,u
e,10.47,x,,n,t,,,w,9.0,13.51,b,,w,u,w,t,g,,d,u
e,9.59,f,,n,t,,,w,11.93,20.46,b,,w,u,w,t,g,,d,a
e,10.1,f,,n,t,,,w,10.24,15.1,b,,w,u,w,t,g,,d,u
e,9.67,f,,n,t,,,w,11.1,16.54,b,,w,u,w,t,g,,d,a
e,11.34,f,,n,t,,,w,11.66,18.23,b,,w,u,w,t,g,,d,a
e,11.68,x,,n,t,,,w,11.95,16.69,b,,w,u,w,t,g,,d,a
e,11.55,f,,n,t,,,w,10.06,15.33,b,,w,u,w,t,g,,d,u
e,7.51,f,,n,t,,,w,10.09,13.45,b,,w,u,w,t,g,,d,u
e,9.2,x,,n,t,,,w,10.22,13.14,b,,w,u,w,t,g,,d,u
e,12.59,x,,n,t,,,w,12.33,15.4,b,,w,u,w,t,g,,d,u
e,12.09,f,,n,t,,,w,11.15,15.99,b,,w,u,w,t,g,,d,a
e,7.02,x,,n,t,,,w,8.33,11.93,b,,w,u,w,t,g,,d,u
e,9.39,f,,n,t,,,w,9.04,16.26,b,,w,u,w,t,g,,d,u
e,7.78,x,,n,t,,,w,9.21,16.56,b,,w,u,w,t,g,,d,u
e,9.13,x,,n,t,,,w,9.98,14.84,b,,w,u,w,t,g,,d,a
e,12.09,f,,n,t,,,w,13.13,23.58,b,,w,u,w,t,g,,d,u
e,11.57,x,,n,t,,,w,11.97,18.65,b,,w,u,w,t,g,,d,a
e,10.91,x,,n,t,,,w,12.11,17.8,b,,w,u,w,t,g,,d,u
e,10.27,f,,n,t,,,w,10.57,20.4,b,,w,u,w,t,g,,d,a
e,9.62,f,,n,t,,,w,13.19,21.09,b,,w,u,w,t,g,,d,a
e,12.8,x,,n,t,,,w,11.95,18.0,b,,w,u,w,t,g,,d,u
e,13.1,f,,n,t,,,w,11.09,19.85,b,,w,u,w,t,g,,d,a
e,10.19,x,,n,t,,,w,12.28,17.55,b,,w,u,w,t,g,,d,a
e,10.14,x,,n,t,,,w,11.13,19.5,b,,w,u,w,t,g,,d,a
e,7.01,f,,n,t,,,w,9.76,13.35,b,,w,u,w,t,g,,d,a
e,6.76,f,,n,t,,,w,7.9,15.25,b,,w,u,w,t,g,,d,u
e,6.93,f,,n,t,,,w,9.14,16.09,b,,w,u,w,t,g,,d,u
e,9.17,x,,n,t,,,w,10.48,15.62,b,,w,u,w,t,g,,d,a
e,11.17,f,,n,t,,,w,12.23,17.71,b,,w,u,w,t,g,,d,a
e,11.05,x,,n,t,,,w,10.31,15.87,b,,w,u,w,t,g,,d,a
e,8.67,x,,n,t,,,w,12.72,16.1,b,,w,u,w,t,g,,d,u
e,6.54,x,,n,t,,,w,9.53,13.56,b,,w,u,w,t,g,,d,u
e,12.99,f,,n,t,,,w,12.03,18.19,b,,w,u,w,t,g,,d,u
e,10.17,x,,n,t,,,w,12.19,19.17,b,,w,u,w,t,g,,d,a
e,8.58,x,,n,t,,,w,10.8,15.71,b,,w,u,w,t,g,,d,a
e,10.65,x,,n,t,,,w,12.51,18.41,b,,w,u,w,t,g,,d,a
e,10.75,f,,n,t,,,w,10.38,20.49,b,,w,u,w,t,g,,d,u
e,10.72,x,,n,t,,,w,11.72,20.78,b,,w,u,w,t,g,,d,u
e,10.3,f,,n,t,,,w,11.75,13.68,b,,w,u,w,t,g,,d,u
e,9.21,x,,n,t,,,w,11.12,18.17,b,,w,u,w,t,g,,d,u
e,6.82,f,,n,t,,,w,8.57,11.02,b,,w,u,w,t,g,,d,a
e,9.36,x,,n,t,,,w,12.27,19.99,b,,w,u,w,t,g,,d,a
e,8.05,f,,n,t,,,w,11.4,17.26,b,,w,u,w,t,g,,d,a
e,8.39,x,,n,t,,,w,12.33,19.25,b,,w,u,w,t,g,,d,u
e,7.64,x,,n,t,,,w,8.85,10.55,b,,w,u,w,t,g,,d,a
e,10.5,f,,n,t,,,w,14.17,22.11,b,,w,u,w,t,g,,d,a
e,8.43,f,,n,t,,,w,10.18,15.75,b,,w,u,w,t,g,,d,a
e,9.35,f,,n,t,,,w,12.82,21.49,b,,w,u,w,t,g,,d,u
e,9.61,f,,n,t,,,w,11.27,18.89,b,,w,u,w,t,g,,d,u
e,12.34,f,,n,t,,,w,12.52,20.09,b,,w,u,w,t,g,,d,a
e,8.2,x,,n,t,,,w,11.12,19.51,b,,w,u,w,t,g,,d,a
e,10.01,x,,n,t,,,w,14.41,21.06,b,,w,u,w,t,g,,d,u
e,11.4,x,,n,t,,,w,9.84,17.04,b,,w,u,w,t,g,,d,a
e,9.11,x,,n,t,,,w,12.99,19.27,b,,w,u,w,t,g,,d,u
e,10.85,x,,n,t,,,w,12.36,19.14,b,,w,u,w,t,g,,d,a
e,9.8,x,,n,t,,,w,11.82,17.01,b,,w,u,w,t,g,,d,a
e,7.83,x,,n,t,,,w,9.34,17.36,b,,w,u,w,t,g,,d,u
e,9.92,f,,n,t,,,w,10.17,16.21,b,,w,u,w,t,g,,d,a
e,8.75,f,,n,t,,,w,8.64,12.78,b,,w,u,w,t,g,,d,u
e,7.8,f,,n,t,,,w,10.63,15.48,b,,w,u,w,t,g,,d,u
e,10.24,f,,n,t,,,w,10.23,14.39,b,,w,u,w,t,g,,d,a
e,10.48,x,,n,t,,,w,12.74,20.93,b,,w,u,w,t,g,,d,u
e,9.7,f,,n,t,,,w,11.09,14.72,b,,w,u,w,t,g,,d,u
e,6.9,x,,n,t,,,w,9.8,16.0,b,,w,u,w,t,g,,d,a
e,10.01,x,,n,t,,,w,10.46,17.24,b,,w,u,w,t,g,,d,u
e,7.46,x,,n,t,,,w,12.15,22.52,b,,w,u,w,t,g,,d,u
e,8.08,f,,n,t,,,w,9.29,11.42,b,,w,u,w,t,g,,d,a
e,8.62,x,,n,t,,,w,8.74,13.2,b,,w,u,w,t,g,,d,a
e,8.06,f,,n,t,,,w,9.83,12.56,b,,w,u,w,t,g,,d,u
e,8.69,x,,n,t,,,w,10.1,15.28,b,,w,u,w,t,g,,d,u
e,9.25,x,,n,t,,,w,11.49,17.37,b,,w,u,w,t,g,,d,u
e,8.75,x,,n,t,,,w,11.71,19.55,b,,w,u,w,t,g,,d,a
e,11.52,x,,n,t,,,w,14.57,23.41,b,,w,u,w,t,g,,d,a
e,15.07,x,,n,t,,,w,13.59,22.19,b,,w,u,w,t,g,,d,a
e,12.23,x,,n,t,,,w,11.74,17.89,b,,w,u,w,t,g,,d,u
e,11.9,f,,n,t,,,w,9.65,14.63,b,,w,u,w,t,g,,d,u
e,11.37,f,,n,t,,,w,13.86,22.33,b,,w,u,w,t,g,,d,u
e,7.05,x,,n,t,,,w,5.95,9.07,b,,w,u,w,t,g,,d,u
e,11.41,x,,n,t,,,w,11.48,16.89,b,,w,u,w,t,g,,d,a
e,5.6,x,,n,t,,,w,9.64,13.31,b,,w,u,w,t,g,,d,u
e,6.95,f,,n,t,,,w,10.95,13.79,b,,w,u,w,t,g,,d,u
e,12.44,x,,n,t,,,w,13.1,18.59,b,,w,u,w,t,g,,d,u
e,8.19,x,,n,t,,,w,10.55,17.33,b,,w,u,w,t,g,,d,u
e,11.65,f,,n,t,,,w,13.82,20.26,b,,w,u,w,t,g,,d,a
e,12.47,x,,n,t,,,w,11.08,20.23,b,,w,u,w,t,g,,d,a
e,12.69,x,,n,t,,,w,12.15,21.94,b,,w,u,w,t,g,,d,u
e,10.26,x,,n,t,,,w,11.69,20.72,b,,w,u,w,t,g,,d,u
e,9.22,f,,n,t,,,w,9.65,15.24,b,,w,u,w,t,g,,d,a
e,8.68,f,,n,t,,,w,10.73,14.81,b,,w,u,w,t,g,,d,a
e,9.55,x,,n,t,,,w,10.45,15.65,b,,w,u,w,t,g,,d,u
e,10.75,f,,n,t,,,w,11.02,18.17,b,,w,u,w,t,g,,d,u
e,9.95,x,,n,t,,,w,10.43,15.47,b,,w,u,w,t,g,,d,u
e,10.29,f,,n,t,,,w,12.34,18.46,b,,w,u,w,t,g,,d,a
e,10.12,x,,n,t,,,w,10.23,17.47,b,,w,u,w,t,g,,d,a
e,9.08,x,,n,t,,,w,8.88,15.79,b,,w,u,w,t,g,,d,a
e,11.85,x,,n,t,,,w,12.35,17.17,b,,w,u,w,t,g,,d,a
e,9.31,f,,n,t,,,w,10.41,17.12,b,,w,u,w,t,g,,d,u
e,11.2,f,,n,t,,,w,11.45,15.52,b,,w,u,w,t,g,,d,a
e,9.57,f,,n,t,,,w,10.7,16.73,b,,w,u,w,t,g,,d,a
e,10.95,x,,n,t,,,w,12.19,21.06,b,,w,u,w,t,g,,d,u
e,8.58,f,,n,t,,,w,10.1,15.44,b,,w,u,w,t,g,,d,u
e,9.17,f,,n,t,,,w,9.99,16.8,b,,w,u,w,t,g,,d,u
e,10.2,f,,n,t,,,w,8.53,15.7,b,,w,u,w,t,g,,d,u
e,7.84,f,,n,t,,,w,11.03,14.82,b,,w,u,w,t,g,,d,a
e,8.84,x,,n,t,,,w,10.0,16.24,b,,w,u,w,t,g,,d,a
e,9.93,x,,n,t,,,w,11.23,17.92,b,,w,u,w,t,g,,d,a
e,7.87,x,,n,t,,,w,10.5,16.42,b,,w,u,w,t,g,,d,u
e,13.21,f,,n,t,,,w,12.05,17.88,b,,w,u,w,t,g,,d,a
e,8.74,f,,n,t,,,w,8.66,15.99,b,,w,u,w,t,g,,d,u
e,7.86,x,,n,t,,,w,10.99,15.84,b,,w,u,w,t,g,,d,u
e,12.83,f,,n,t,,,w,10.16,18.9,b,,w,u,w,t,g,,d,u
e,9.88,x,,n,t,,,w,8.75,14.58,b,,w,u,w,t,g,,d,u
e,10.44,x,,n,t,,,w,12.58,16.69,b,,w,u,w,t,g,,d,a
e,9.97,f,,n,t,,,w,12.19,20.77,b,,w,u,w,t,g,,d,a
e,5.57,x,,n,t,,,w,10.63,16.83,b,,w,u,w,t,g,,d,u
e,7.55,x,,n,t,,,w,9.26,15.89,b,,w,u,w,t,g,,d,u
e,10.97,x,,n,t,,,w,10.77,16.01,b,,w,u,w,t,g,,d,u
e,8.9,f,,n,t,,,w,9.67,15.88,b,,w,u,w,t,g,,d,a
e,10.76,f,,n,t,,,w,11.87,19.0,b,,w,u,w,t,g,,d,a
e,8.82,f,,n,t,,,w,10.5,18.64,b,,w,u,w,t,g,,d,a
e,8.21,f,,n,t,,,w,9.75,18.33,b,,w,u,w,t,g,,d,u
e,9.68,x,,n,t,,,w,11.18,16.07,b,,w,u,w,t,g,,d,u
e,9.45,f,,n,t,,,w,11.62,16.24,b,,w,u,w,t,g,,d,u
e,10.21,f,,n,t,,,w,11.34,18.47,b,,w,u,w,t,g,,d,u
e,9.11,x,,n,t,,,w,11.84,18.37,b,,w,u,w,t,g,,d,a
e,8.34,f,,n,t,,,w,7.35,13.57,b,,w,u,w,t,g,,d,u
e,11.29,x,,n,t,,,w,10.43,17.39,b,,w,u,w,t,g,,d,a
e,8.01,f,,n,t,,,w,10.01,13.6,b,,w,u,w,t,g,,d,a
e,10.87,x,,n,t,,,w,10.09,18.12,b,,w,u,w,t,g,,d,u
e,12.08,x,,n,t,,,w,12.7,19.07,b,,w,u,w,t,g,,d,u
e,11.38,x,,n,t,,,w,10.8,18.9,b,,w,u,w,t,g,,d,u
e,7.05,x,,n,t,,,w,11.14,16.84,b,,w,u,w,t,g,,d,u
e,8.28,f,,n,t,,,w,11.43,14.76,b,,w,u,w,t,g,,d,u
e,7.67,f,,n,t,,,w,13.45,19.73,b,,w,u,w,t,g,,d,u
e,10.03,x,,n,t,,,w,10.16,14.8,b,,w,u,w,t,g,,d,a
e,11.14,f,,n,t,,,w,10.92,17.23,b,,w,u,w,t,g,,d,a
e,9.0,f,,n,t,,,w,8.68,15.08,b,,w,u,w,t,g,,d,u
e,11.49,f,,n,t,,,w,10.54,19.55,b,,w,u,w,t,g,,d,a
e,8.43,f,,n,t,,,w,11.72,16.93,b,,w,u,w,t,g,,d,u
e,11.58,f,,n,t,,,w,13.1,21.19,b,,w,u,w,t,g,,d,u
e,12.02,x,,n,t,,,w,12.59,17.07,b,,w,u,w,t,g,,d,a
e,12.49,x,,n,t,,,w,14.3,19.35,b,,w,u,w,t,g,,d,u
e,10.05,x,,n,t,,,w,11.04,15.34,b,,w,u,w,t,g,,d,u
e,9.35,f,,n,t,,,w,10.12,17.57,b,,w,u,w,t,g,,d,u
e,8.71,f,,n,t,,,w,11.2,16.76,b,,w,u,w,t,g,,d,u
e,11.27,x,,n,t,,,w,10.58,17.52,b,,w,u,w,t,g,,d,a
e,8.02,f,,n,t,,,w,10.3,15.23,b,,w,u,w,t,g,,d,a
e,7.49,f,,n,t,,,w,11.09,16.64,b,,w,u,w,t,g,,d,a
e,7.61,f,,n,t,,,w,9.48,14.79,b,,w,u,w,t,g,,d,a
e,9.94,x,,n,t,,,w,10.09,15.78,b,,w,u,w,t,g,,d,a
e,10.23,x,,n,t,,,w,10.23,16.44,b,,w,u,w,t,g,,d,a
e,10.19,f,,n,t,,,w,11.96,17.95,b,,w,u,w,t,g,,d,a
e,9.52,x,,n,t,,,w,8.77,17.63,b,,w,u,w,t,g,,d,a
e,10.18,f,,n,t,,,w,13.18,18.83,b,,w,u,w,t,g,,d,u
e,11.53,x,,n,t,,,w,10.32,16.41,b,,w,u,w,t,g,,d,u
e,9.67,f,,n,t,,,w,12.23,20.47,b,,w,u,w,t,g,,d,u
e,7.65,x,,n,t,,,w,10.9,18.97,b,,w,u,w,t,g,,d,u
e,8.65,f,,n,t,,,w,12.27,18.77,b,,w,u,w,t,g,,d,u
e,7.93,f,,n,t,,,w,10.85,13.66,b,,w,u,w,t,g,,d,u
e,9.92,x,,n,t,,,w,10.26,14.88,b,,w,u,w,t,g,,d,u
e,11.29,f,,n,t,,,w,10.57,14.09,b,,w,u,w,t,g,,d,u
e,12.55,f,,n,t,,,w,11.87,18.01,b,,w,u,w,t,g,,d,u
e,10.62,x,,n,t,,,w,9.72,13.76,b,,w,u,w,t,g,,d,u
e,12.29,x,,n,t,,,w,12.6,19.16,b,,w,u,w,t,g,,d,a
e,9.29,x,,n,t,,,w,10.11,16.68,b,,w,u,w,t,g,,d,u
e,10.12,x,,n,t,,,w,9.83,16.28,b,,w,u,w,t,g,,d,a
e,7.42,f,,n,t,,,w,8.41,15.31,b,,w,u,w,t,g,,d,u
e,12.27,x,,n,t,,,w,12.05,19.35,b,,w,u,w,t,g,,d,a
e,12.45,x,,n,t,,,w,11.33,16.75,b,,w,u,w,t,g,,d,u
e,9.88,f,,n,t,,,w,12.29,20.46,b,,w,u,w,t,g,,d,a
e,9.41,f,,n,t,,,w,10.43,16.95,b,,w,u,w,t,g,,d,a
e,9.82,f,,n,t,,,w,10.67,14.94,b,,w,u,w,t,g,,d,a
e,11.91,f,,n,t,,,w,10.98,17.61,b,,w,u,w,t,g,,d,u
e,6.47,f,,n,t,,,w,10.65,16.44,b,,w,u,w,t,g,,d,u
e,10.03,x,,n,t,,,w,11.51,17.81,b,,w,u,w,t,g,,d,a
e,10.98,x,,n,t,,,w,9.82,15.81,b,,w,u,w,t,g,,d,u
e,9.91,f,,n,t,,,w,8.76,14.7,b,,w,u,w,t,g,,d,u
e,10.52,x,,n,t,,,w,11.54,18.67,b,,w,u,w,t,g,,d,u
e,10.9,x,,n,t,,,w,11.82,17.5,b,,w,u,w,t,g,,d,a
e,11.76,f,,n,t,,,w,12.32,18.08,b,,w,u,w,t,g,,d,u
e,10.13,f,,n,t,,,w,9.8,17.68,b,,w,u,w,t,g,,d,u
e,6.19,f,,n,t,,,w,10.21,17.83,b,,w,u,w,t,g,,d,u
e,11.69,x,,n,t,,,w,12.35,18.37,b,,w,u,w,t,g,,d,a
e,10.76,x,,n,t,,,w,10.47,18.6,b,,w,u,w,t,g,,d,a
e,10.59,x,,n,t,,,w,12.1,18.03,b,,w,u,w,t,g,,d,a
e,12.9,f,,n,t,,,w,11.82,21.68,b,,w,u,w,t,g,,d,u
e,13.24,f,,n,t,,,w,10.73,16.39,b,,w,u,w,t,g,,d,a
e,9.4,f,,n,t,,,w,11.8,18.04,b,,w,u,w,t,g,,d,a
e,10.96,f,,n,t,,,w,9.58,16.22,b,,w,u,w,t,g,,d,a
e,12.85,f,,n,t,,,w,10.92,15.67,b,,w,u,w,t,g,,d,a
e,9.61,x,,n,t,,,w,10.2,14.93,b,,w,u,w,t,g,,d,a
e,10.45,x,,n,t,,,w,10.43,17.84,b,,w,u,w,t,g,,d,a
e,10.61,x,,n,t,,,w,10.78,18.21,b,,w,u,w,t,g,,d,a
e,9.14,x,,n,t,,,w,10.05,16.3,b,,w,u,w,t,g,,d,a
e,10.44,x,,n,t,,,w,11.91,19.98,b,,w,u,w,t,g,,d,a
e,10.35,x,,n,t,,,w,11.95,18.59,b,,w,u,w,t,g,,d,a
e,7.03,f,,n,t,,,w,9.49,14.45,b,,w,u,w,t,g,,d,a
e,11.85,f,,n,t,,,w,12.35,18.88,b,,w,u,w,t,g,,d,a
e,7.48,x,,n,t,,,w,9.8,14.99,b,,w,u,w,t,g,,d,a
e,12.06,x,,n,t,,,w,11.5,20.42,b,,w,u,w,t,g,,d,u
e,9.45,x,,n,t,,,w,10.22,20.17,b,,w,u,w,t,g,,d,u
e,7.36,f,,n,t,,,w,9.6,14.54,b,,w,u,w,t,g,,d,u
e,6.79,f,,n,t,,,w,9.43,13.0,b,,w,u,w,t,g,,d,u
e,10.08,x,,n,t,,,w,11.41,19.39,b,,w,u,w,t,g,,d,a
e,11.42,f,,n,t,,,w,8.84,14.67,b,,w,u,w,t,g,,d,a
e,11.77,f,,n,t,,,w,11.72,19.01,b,,w,u,w,t,g,,d,a
e,12.37,f,,n,t,,,w,12.47,21.16,b,,w,u,w,t,g,,d,u
e,10.95,f,,n,t,,,w,11.51,21.05,b,,w,u,w,t,g,,d,u
e,12.59,x,,n,t,,,w,10.5,18.6,b,,w,u,w,t,g,,d,u
e,9.78,x,,n,t,,,w,10.29,15.87,b,,w,u,w,t,g,,d,a
e,9.86,x,,n,t,,,w,9.41,18.26,b,,w,u,w,t,g,,d,a
e,10.72,x,,n,t,,,w,12.14,17.75,b,,w,u,w,t,g,,d,u
e,13.76,x,,n,t,,,w,14.09,22.96,b,,w,u,w,t,g,,d,u
e,11.64,f,,n,t,,,w,10.51,17.89,b,,w,u,w,t,g,,d,u
e,13.24,x,,n,t,,,w,13.46,22.07,b,,w,u,w,t,g,,d,u
e,10.22,x,,n,t,,,w,10.57,15.86,b,,w,u,w,t,g,,d,u
e,5.87,x,,n,t,,,w,10.94,18.09,b,,w,u,w,t,g,,d,a
e,10.46,x,,n,t,,,w,12.48,20.89,b,,w,u,w,t,g,,d,u
e,10.65,x,,n,t,,,w,9.71,19.0,b,,w,u,w,t,g,,d,a
e,9.47,f,,n,t,,,w,9.72,13.61,b,,w,u,w,t,g,,d,u
e,8.36,f,,n,t,,,w,7.4,16.22,b,,w,u,w,t,g,,d,a
e,9.34,f,,n,t,,,w,9.47,12.53,b,,w,u,w,t,g,,d,u
e,9.64,x,,n,t,,,w,9.19,13.23,b,,w,u,w,t,g,,d,u
e,13.64,f,,n,t,,,w,13.2,20.48,b,,w,u,w,t,g,,d,a
e,9.98,f,,n,t,,,w,10.36,19.41,b,,w,u,w,t,g,,d,a
e,9.38,f,,n,t,,,w,11.37,17.99,b,,w,u,w,t,g,,d,u
e,10.96,f,,n,t,,,w,12.24,19.21,b,,w,u,w,t,g,,d,u
e,12.32,x,,n,t,,,w,11.29,20.35,b,,w,u,w,t,g,,d,a
e,9.98,x,,n,t,,,w,11.04,18.8,b,,w,u,w,t,g,,d,u
e,10.28,f,,n,t,,,w,8.64,13.57,b,,w,u,w,t,g,,d,a
e,6.71,f,,n,t,,,w,9.76,13.92,b,,w,u,w,t,g,,d,a
e,11.52,f,,n,t,,,w,12.09,17.35,b,,w,u,w,t,g,,d,a
e,7.47,x,,n,t,,,w,10.56,15.99,b,,w,u,w,t,g,,d,a
e,10.18,x,,n,t,,,w,12.65,22.68,b,,w,u,w,t,g,,d,u
e,11.62,f,,n,t,,,w,10.91,17.47,b,,w,u,w,t,g,,d,u
e,9.5,x,,n,t,,,w,10.49,16.84,b,,w,u,w,t,g,,d,a
e,10.29,f,,n,t,,,w,9.67,19.22,b,,w,u,w,t,g,,d,u
e,8.21,x,,n,t,,,w,9.57,15.64,b,,w,u,w,t,g,,d,u
e,10.1,f,,n,t,,,w,9.23,15.22,b,,w,u,w,t,g,,d,u
e,9.29,x,,n,t,,,w,11.29,14.49,b,,w,u,w,t,g,,d,a
e,12.17,x,,n,t,,,w,10.6,15.62,b,,w,u,w,t,g,,d,a
e,8.2,f,,n,t,,,w,9.28,13.75,b,,w,u,w,t,g,,d,u
e,8.8,f,,n,t,,,w,10.9,17.32,b,,w,u,w,t,g,,d,u
e,12.2,x,,n,t,,,w,10.99,16.96,b,,w,u,w,t,g,,d,a
e,9.98,x,,n,t,,,w,11.31,16.64,b,,w,u,w,t,g,,d,a
e,11.2,x,,n,t,,,w,11.88,18.39,b,,w,u,w,t,g,,d,u
e,10.21,f,,n,t,,,w,11.22,19.19,b,,w,u,w,t,g,,d,u
e,9.55,x,,n,t,,,w,10.77,17.26,b,,w,u,w,t,g,,d,u
e,8.29,f,,n,t,,,w,10.41,16.25,b,,w,u,w,t,g,,d,a
e,9.17,f,,n,t,,,w,10.11,17.01,b,,w,u,w,t,g,,d,u
e,9.73,x,,n,t,,,w,11.19,21.04,b,,w,u,w,t,g,,d,a
e,11.9,x,,n,t,,,w,11.72,19.08,b,,w,u,w,t,g,,d,u
e,10.33,x,,n,t,,,w,11.95,20.03,b,,w,u,w,t,g,,d,a
e,11.18,f,,n,t,,,w,10.23,16.09,b,,w,u,w,t,g,,d,a
e,9.15,f,,n,t,,,w,12.27,19.87,b,,w,u,w,t,g,,d,u
e,9.67,x,,n,t,,,w,12.16,21.12,b,,w,u,w,t,g,,d,u
e,12.15,f,,n,t,,,w,11.85,18.67,b,,w,u,w,t,g,,d,u
e,9.11,x,,n,t,,,w,10.9,15.7,b,,w,u,w,t,g,,d,a
e,6.66,f,,n,t,,,w,9.62,14.57,b,,w,u,w,t,g,,d,a
e,11.4,f,,n,t,,,w,12.27,18.64,b,,w,u,w,t,g,,d,a
e,11.21,x,,n,t,,,w,12.99,21.19,b,,w,u,w,t,g,,d,u
e,9.6,x,,n,t,,,w,11.32,19.28,b,,w,u,w,t,g,,d,a
e,10.57,x,,n,t,,,w,11.09,17.62,b,,w,u,w,t,g,,d,u
e,11.02,f,,n,t,,,w,11.3,21.52,b,,w,u,w,t,g,,d,u
e,10.3,f,,n,t,,,w,12.0,19.03,b,,w,u,w,t,g,,d,a
e,10.91,f,,n,t,,,w,12.92,19.27,b,,w,u,w,t,g,,d,u
e,11.76,f,,n,t,,,w,12.48,20.92,b,,w,u,w,t,g,,d,a
e,11.72,x,,n,t,,,w,11.72,15.34,b,,w,u,w,t,g,,d,u
e,9.58,f,,n,t,,,w,10.9,17.6,b,,w,u,w,t,g,,d,a
e,11.7,x,,n,t,,,w,12.11,19.9,b,,w,u,w,t,g,,d,u
e,10.22,x,,n,t,,,w,11.72,14.95,b,,w,u,w,t,g,,d,u
e,8.37,x,,n,t,,,w,11.09,18.22,b,,w,u,w,t,g,,d,a
e,11.35,f,,n,t,,,w,12.43,21.07,b,,w,u,w,t,g,,d,u
e,11.13,x,,n,t,,,w,13.15,17.65,b,,w,u,w,t,g,,d,u
e,11.67,x,,n,t,,,w,10.13,14.07,b,,w,u,w,t,g,,d,u
e,9.55,f,,n,t,,,w,12.05,17.05,b,,w,u,w,t,g,,d,a
e,10.8,x,,n,t,,,w,11.62,19.02,b,,w,u,w,t,g,,d,a
e,9.47,x,,n,t,,,w,11.75,18.81,b,,w,u,w,t,g,,d,u
e,7.36,f,,n,t,,,w,10.33,15.01,b,,w,u,w,t,g,,d,u
e,11.32,f,,n,t,,,w,10.51,15.09,b,,w,u,w,t,g,,d,a
e,8.12,f,,n,t,,,w,9.92,14.93,b,,w,u,w,t,g,,d,u
e,9.36,f,,n,t,,,w,9.27,16.64,b,,w,u,w,t,g,,d,a
e,11.05,x,,n,t,,,w,12.62,21.5,b,,w,u,w,t,g,,d,a
e,8.12,f,,n,t,,,w,10.34,18.51,b,,w,u,w,t,g,,d,a
e,9.7,f,,n,t,,,w,10.64,15.37,b,,w,u,w,t,g,,d,u
e,9.86,f,,n,t,,,w,12.41,19.46,b,,w,u,w,t,g,,d,a
e,9.25,f,,n,t,,,w,11.03,17.22,b,,w,u,w,t,g,,d,a
e,11.48,x,,n,t,,,w,10.13,19.42,b,,w,u,w,t,g,,d,a
e,10.78,f,,n,t,,,w,10.19,19.87,b,,w,u,w,t,g,,d,a
e,9.05,x,,n,t,,,w,9.96,14.86,b,,w,u,w,t,g,,d,a
e,9.82,f,,n,t,,,w,13.37,19.33,b,,w,u,w,t,g,,d,a
e,9.51,x,,n,t,,,w,10.74,15.33,b,,w,u,w,t,g,,d,a
e,10.79,f,,n,t,,,w,12.07,16.87,b,,w,u,w,t,g,,d,a
e,8.04,f,,n,t,,,w,9.39,15.89,b,,w,u,w,t,g,,d,a
e,10.06,x,,n,t,,,w,10.83,18.15,b,,w,u,w,t,g,,d,a
e,12.81,x,,n,t,,,w,12.68,19.76,b,,w,u,w,t,g,,d,a
e,9.91,x,,n,t,,,w,11.2,12.19,b,,w,u,w,t,g,,d,a
e,9.35,f,,n,t,,,w,11.26,19.57,b,,w,u,w,t,g,,d,u
e,11.71,f,,n,t,,,w,12.63,19.85,b,,w,u,w,t,g,,d,a
e,9.38,f,,n,t,,,w,11.35,16.52,b,,w,u,w,t,g,,d,u
e,9.76,x,,n,t,,,w,11.98,16.45,b,,w,u,w,t,g,,d,u
e,8.74,x,,n,t,,,w,8.35,16.43,b,,w,u,w,t,g,,d,u
e,10.12,x,,n,t,,,w,10.93,15.76,b,,w,u,w,t,g,,d,a
e,8.48,f,,n,t,,,w,11.64,18.13,b,,w,u,w,t,g,,d,a
e,8.19,x,,n,t,,,w,8.85,15.54,b,,w,u,w,t,g,,d,a
e,6.73,x,,n,t,,,w,8.4,16.07,b,,w,u,w,t,g,,d,u
e,9.25,x,,n,t,,,w,9.54,17.14,b,,w,u,w,t,g,,d,a
e,11.0,f,,n,t,,,w,8.63,14.06,b,,w,u,w,t,g,,d,u
e,10.34,x,,n,t,,,w,11.64,17.94,b,,w,u,w,t,g,,d,u
e,10.78,x,,n,t,,,w,12.27,17.57,b,,w,u,w,t,g,,d,u
e,11.01,f,,n,t,,,w,11.24,16.9,b,,w,u,w,t,g,,d,a
e,12.59,x,,n,t,,,w,13.42,19.87,b,,w,u,w,t,g,,d,u
e,10.82,x,,n,t,,,w,11.46,17.71,b,,w,u,w,t,g,,d,u
e,8.54,f,,n,t,,,w,9.71,17.19,b,,w,u,w,t,g,,d,u
e,10.85,x,,n,t,,,w,12.02,17.97,b,,w,u,w,t,g,,d,u
e,9.51,f,,n,t,,,w,9.72,16.05,b,,w,u,w,t,g,,d,u
e,10.6,f,,n,t,,,w,9.2,14.5,b,,w,u,w,t,g,,d,a
p,9.71,f,h,r,f,,c,w,11.19,16.64,,,w,u,w,t,g,,d,a
p,7.26,f,h,r,f,,c,w,11.04,14.73,,,w,u,w,t,g,,d,a
p,7.93,x,h,r,f,,c,w,11.19,16.55,,,w,u,w,t,p,,d,a
p,10.75,x,h,r,f,,c,w,11.27,18.33,,,w,u,w,t,p,,d,u
p,7.75,x,h,r,f,,c,w,10.76,13.2,,,w,u,w,t,p,,d,u
p,7.05,x,h,r,f,,c,w,10.76,13.95,,,w,u,w,t,p,,d,a
p,9.21,f,h,r,f,,c,w,11.57,16.37,,,w,u,w,t,p,,d,a
p,8.8,f,h,r,f,,c,w,10.4,13.13,,,w,u,w,t,g,,d,u
p,10.97,x,h,r,f,,c,w,11.49,19.32,,,w,u,w,t,p,,d,u
p,8.99,x,h,r,f,,c,w,10.92,14.4,,,w,u,w,t,g,,d,u
p,8.05,x,h,r,f,,c,w,10.85,14.45,,,w,u,w,t,p,,d,u
p,7.23,x,h,r,f,,c,w,10.41,12.34,,,w,u,w,t,g,,d,u
p,8.85,f,h,r,f,,c,w,11.34,14.81,,,w,u,w,t,p,,d,a
p,9.27,x,h,r,f,,c,w,10.9,14.94,,,w,u,w,t,p,,d,a
p,7.83,f,h,r,f,,c,w,10.43,14.1,,,w,u,w,t,g,,d,u
p,7.11,x,h,r,f,,c,w,10.92,15.87,,,w,u,w,t,p,,d,a
p,7.83,f,h,r,f,,c,w,10.69,14.43,,,w,u,w,t,g,,d,a
p,9.03,x,h,r,f,,c,w,10.71,14.57,,,w,u,w,t,p,,d,a
p,9.48,f,h,r,f,,c,w,11.81,18.71,,,w,u,w,t,p,,d,u
p,7.85,f,h,r,f,,c,w,10.96,15.42,,,w,u,w,t,g,,d,a
p,10.32,f,h,r,f,,c,w,11.14,16.25,,,w,u,w,t,p,,d,a
p,8.37,f,h,r,f,,c,w,10.18,13.72,,,w,u,w,t,g,,d,u
p,8.71,f,h,r,f,,c,w,11.13,15.03,,,w,u,w,t,p,,d,a
p,8.75,f,h,r,f,,c,w,10.87,14.68,,,w,u,w,t,p,,d,a
p,8.81,f,h,r,f,,c,w,11.01,13.85,,,w,u,w,t,g,,d,u
p,9.0,f,h,r,f,,c,w,10.96,15.78,,,w,u,w,t,p,,d,u
p,8.61,x,h,r,f,,c,w,11.4,15.33,,,w,u,w,t,p,,d,u
p,7.66,x,h,r,f,,c,w,10.62,12.27,,,w,u,w,t,p,,d,a
p,10.33,f,h,r,f,,c,w,11.32,17.02,,,w,u,w,t,g,,d,a
p,9.59,f,h,r,f,,c,w,11.26,15.76,,,w,u,w,t,p,,d,a
p,10.58,x,h,r,f,,c,w,11.43,15.42,,,w,u,w,t,p,,d,u
p,10.58,f,h,r,f,,c,w,10.99,15.17,,,w,u,w,t,p,,d,u
p,9.03,x,h,r,f,,c,w,11.36,15.62,,,w,u,w,t,p,,d,a
p,8.92,f,h,r,f,,c,w,10.7,12.35,,,w,u,w,t,g,,d,a
p,8.14,x,h,r,f,,c,w,10.65,14.79,,,w,u,w,t,p,,d,a
p,9.15,x,h,r,f,,c,w,11.03,15.26,,,w,u,w,t,p,,d,u
p,7.61,f,h,r,f,,c,w,10.75,15.36,,,w,u,w,t,p,,d,u
p,7.06,f,h,r,f,,c,w,10.09,12.56,,,w,u,w,t,g,,d,a
p,8.91,f,h,r,f,,c,w,11.22,16.2,,,w,u,w,t,g,,d,u
p,11.52,f,h,r,f,,c,w,11.8,17.89,,,w,u,w,t,g,,d,u
p,8.9,x,h,r,f,,c,w,11.28,13.26,,,w,u,w,t,g,,d,a
p,9.63,x,h,r,f,,c,w,10.73,16.44,,,w,u,w,t,g,,d,a
p,8.59,x,h,r,f,,c,w,10.48,13.95,,,w,u,w,t,g,,d,a
p,8.58,f,h,r,f,,c,w,11.18,16.92,,,w,u,w,t,p,,d,u
p,10.37,x,h,r,f,,c,w,10.8,13.48,,,w,u,w,t,g,,d,a
p,7.63,f,h,r,f,,c,w,10.79,12.52,,,w,u,w,t,g,,d,a
p,6.38,f,h,r,f,,c,w,10.55,11.74,,,w,u,w,t,g,,d,u
p,8.3,f,h,r,f,,c,w,10.69,14.92,,,w,u,w,t,g,,d,a
p,9.01,f,h,r,f,,c,w,11.24,16.45,,,w,u,w,t,g,,d,u
p,7.87,x,h,r,f,,c,w,10.37,12.18,,,w,u,w,t,p,,d,a
p,10.46,x,h,r,f,,c,w,11.0,13.51,,,w,u,w,t,p,,d,a
p,5.96,f,h,r,f,,c,w,10.39,13.43,,,w,u,w,t,g,,d,a
p,9.24,f,h,r,f,,c,w,11.33,15.8,,,w,u,w,t,g,,d,a
p,9.06,x,h,r,f,,c,w,11.2,16.44,,,w,u,w,t,p,,d,a
p,9.49,f,h,r,f,,c,w,11.16,14.08,,,w,u,w,t,p,,d,u
p,8.89,f,h,r,f,,c,w,10.59,13.81,,,w,u,w,t,g,,d,a
p,8.81,f,h,r,f,,c,w,11.15,15.35,,,w,u,w,t,g,,d,a
p,6.93,x,h,r,f,,c,w,11.04,16.76,,,w,u,w,t,g,,d,a
p,5.32,f,h,r,f,,c,w,10.62,14.11,,,w,u,w,t,g,,d,u
p,7.99,x,h,r,f,,c,w,11.25,15.26,,,w,u,w,t,p,,d,u
p,8.24,f,h,r,f,,c,w,10.88,14.34,,,w,u,w,t,p,,d,u
p,7.94,x,h,r,f,,c,w,11.04,13.64,,,w,u,w,t,g,,d,a
p,7.73,x,h,r,f,,c,w,10.55,12.62,,,w,u,w,t,p,,d,u
p,8.98,x,h,r,f,,c,w,11.24,16.8,,,w,u,w,t,g,,d,a
p,8.35,x,h,r,f,,c,w,10.62,13.49,,,w,u,w,t,p,,d,u
p,8.46,f,h,r,f,,c,w,10.54,13.25,,,w,u,w,t,p,,d,a
p,9.12,x,h,r,f,,c,w,11.12,15.65,,,w,u,w,t,p,,d,a
p,7.81,f,h,r,f,,c,w,10.87,13.3,,,w,u,w,t,p,,d,a
p,10.68,f,h,r,f,,c,w,11.49,17.77,,,w,u,w,t,p,,d,u
p,10.7,f,h,r,f,,c,w,11.61,18.02,,,w,u,w,t,p,,d,a
p,8.08,x,h,r,f,,c,w,11.03,15.08,,,w,u,w,t,p,,d,u
p,8.46,f,h,r,f,,c,w,11.16,16.34,,,w,u,w,t,p,,d,a
p,7.8,x,h,r,f,,c,w,10.85,15.22,,,w,u,w,t,g,,d,u
p,10.42,f,h,r,f,,c,w,11.91,17.21,,,w,u,w,t,g,,d,a
p,7.66,f,h,r,f,,c,w,11.13,15.44,,,w,u,w,t,p,,d,a
p,8.95,x,h,r,f,,c,w,10.68,13.92,,,w,u,w,t,g,,d,u
p,8.95,x,h,r,f,,c,w,11.11,14.2,,,w,u,w,t,g,,d,u
p,7.95,x,h,r,f,,c,w,11.21,17.41,,,w,u,w,t,g,,d,u
p,8.08,x,h,r,f,,c,w,11.19,14.41,,,w,u,w,t,p,,d,u
p,6.67,x,h,r,f,,c,w,10.71,13.46,,,w,u,w,t,g,,d,u
p,7.92,x,h,r,f,,c,w,11.06,13.47,,,w,u,w,t,g,,d,u
p,10.08,f,h,r,f,,c,w,11.36,17.01,,,w,u,w,t,g,,d,u
p,8.09,x,h,r,f,,c,w,10.95,17.57,,,w,u,w,t,p,,d,u
p,8.57,x,h,r,f,,c,w,11.26,16.13,,,w,u,w,t,g,,d,u
p,6.2,f,h,r,f,,c,w,10.13,11.2,,,w,u,w,t,g,,d,a
p,6.98,x,h,r,f,,c,w,10.62,13.52,,,w,u,w,t,g,,d,u
p,8.93,x,h,r,f,,c,w,11.21,14.43,,,w,u,w,t,p,,d,a